# StackOverflow data: SELECT Score,SourceTagName,TargetTagName FROM TagSynonyms where Score >= 0
# https://creativecommons.org/licenses/by-sa/3.0/
0,.bat,batch-file
0,.cshtml,razor
0,.deb,deb
0,.flv,flv
0,.getjson,getjson
0,.hgignore,hgignore
0,.net-4.5.3,.net-4.6
0,.net-async-await,async-await
0,.net-cf,compact-framework
0,.net-framework,.net
0,.net-framework-3.5,.net-3.5
0,.net-standard2.0,.net-standard-2.0
0,.wav,wav
0,404,http-status-code-404
0,4d,4d-database
0,4th-dimension,4d-database
0,8086,x86-16
0,8087,x87
0,8087cw,x87
0,8088,x86-16
0,9patch,nine-patch
0,a11y,accessibility
0,a4j,ajax4jsf
0,abstract-classes,abstract-class
0,accented-strings,non-ascii-characters
0,accents,diacritics
0,access-is-denied,access-denied
0,accessors,accessor
0,accounts,account
0,ace.js,ace-editor
0,acf,advanced-custom-fields
0,acoustic-echo-cancellatio,aec
0,action-filters,action-filter
0,actionbarcompat,android-actionbar-compat
0,actionbarsherlock,android-actionbar
0,actionfilterattribute,action-filter
0,active-patterns,active-pattern
0,activity,android-activity
0,actors,actor
0,adobe-acrobat,acrobat
0,adobe-dreamweaver,dreamweaver
0,adobe-flash-cs5,flash-cs5
0,adobe-flex,flex
0,adobe-flex-2,flex-2
0,adobe-flex-4,flex4
0,adobe-indesign,indesign
0,adwords,google-adwords
0,agents,agent
0,agile-processes,agile
0,agile-project-management,agile
0,ai,artificial-intelligence
0,aiql,ms-app-analytics
0,airplay,marmalade
0,ajax-form,ajaxform
0,ajaxtags,ajax
0,ajaxtoolkit,ajaxcontroltoolkit
0,alarms,alarm
0,aldryn,divio
0,alexa-skill,alexa-skills-kit
0,algorithms,algorithm
0,align,alignment
0,allocations,allocation
0,alphablend,alphablending
0,alternate-stylesheets,css
0,alternation,regex-alternation
0,amazon-device-farm,aws-device-farm
0,amazon-kms,aws-kms
0,amazon-sts,aws-sts
0,amazonapi,amazon-api
0,amchart,amcharts
0,analog-digital-converter,adc
0,analytic-functions,window-functions
0,anchor-tag,anchor
0,android-1.5,android-1.5-cupcake
0,android-1.6,android-1.6-donut
0,android-2.0,android-2.0-eclair
0,android-2.1,android-2.1-eclair
0,android-2.2,android-2.2-froyo
0,android-2.3,android-2.3-gingerbread
0,android-3.0,android-3.0-honeycomb
0,android-4.2,android-4.2-jelly-bean
0,android-4.3,android-4.3-jelly-bean
0,android-4.4,android-4.4-kitkat
0,android-arch,android-architecture-components
0,android-arch-lifecycle,android-architecture-lifecycle
0,android-architecture-workmanager,android-workmanager
0,android-avd,avd
0,android-collapsingtoolbar,android-collapsingtoolbarlayout
0,android-cupcake,android-1.5-cupcake
0,android-debug-bridge,adb
0,android-donut,android-1.6-donut
0,android-eclair,android-2.0-eclair
0,android-froyo,android-2.2-froyo
0,android-gcm,google-cloud-messaging
0,android-gingerbread,android-2.3-gingerbread
0,android-honeycomb,android-3.0-honeycomb
0,android-ics,android-4.0
0,android-images,android-image
0,android-install-apk,apk
0,android-intent-flags,android-intent
0,android-jelly-bean,android-4.2-jelly-bean
0,android-l,android-5.0-lollipop
0,android-lollipop,android-5.0-lollipop
0,android-m,android-6.0-marshmallow
0,android-market,google-play
0,android-marshmallow,android-6.0-marshmallow
0,android-n,android-7.0-nougat
0,android-o,android-8.0-oreo
0,android-p,android-9.0-p
0,android-performance,performance
0,android-pie,android-9.0-p
0,android-sdk-2.2,android-2.2-froyo
0,android-sharedpreferences,sharedpreferences
0,android-studio-plugin,intellij-plugin
0,android-stylesheets,android-styles
0,android-test-kit,android-espresso
0,android-toolbar,android-actionbar-compat
0,android-virtual-keyboard,virtual-keyboard
0,android-wear,wear-os
0,android.harware.camera2,android-camera2
0,angles,angle
0,angular-http,angularjs-http
0,angular-module,angularjs-module
0,angular-services,angularjs-service
0,angular.dart,angular-dart
0,angular.js,angularjs
0,angular1.6,angularjs-1.6
0,angular1.x,angularjs
0,angular2,angular
0,angular2-material,angular-material2
0,angular4,angular
0,angular4.x,angular
0,angularjs-ng-if,angular-ng-if
0,angularjs-ng-options,ng-options
0,angularjs-ng-show,ng-show
0,angularjs-promise,angular-promise
0,angularjs-resource,ngresource
0,annotation-processor,annotation-processing
0,ant-design,antd
0,antispam,spam-prevention
0,aosp,android-source
0,apache-jmeter,jmeter
0,apache-solr,solr
0,apache-spark-ml,apache-spark-mllib
0,apns,apple-push-notifications
0,app-pool,application-pool
0,app.config,app-config
0,appc-alloy,appcelerator-alloy
0,appc-studio,appcelerator-studio
0,appc-ti,appcelerator-titanium
0,appcelerator,titanium
0,apple-metal,metal
0,applets,applet
0,application-lifecycle,lifecycle
0,application-performance,performance
0,appwidget,android-appwidget
0,areas,area
0,argument,arguments
0,argument-deduction,template-deduction
0,aria,wai-aria
0,arquillian,jboss-arquillian
0,arrayadapter,android-arrayadapter
0,arrayindexoutofbounds,indexoutofboundsexception
0,as3,actionscript-3
0,as400,ibm-midrange
0,asmjs,asm.js
0,asp-net,asp.net
0,aspdotnet,asp.net
0,asprepeater,repeater
0,aspxgridview,gridview
0,assembly-reference,assembly-references
0,assertions,assertion
0,asset,assets
0,assets-pipeline,asset-pipeline
0,assignment,variable-assignment
0,astar,a-star
0,asynchronously,asynchronous
0,asynctask,android-asynctask
0,atlassian-bitbucketserver,bitbucket-server
0,atlassian-stash,bitbucket-server
0,attachments,attachment
0,audio-playing,audio-player
0,audiomanager,android-audiomanager
0,authenticate,authentication
0,auto-properties,automatic-properties
0,autobahnws,autobahn
0,autoloader,autoload
0,automated-testing,automated-tests
0,autowire,autowired
0,auxil-excel-add-in,invantive-control
0,avg,average
0,aws,amazon-web-services
0,aws-cloudformation,amazon-cloudformation
0,aws-ecs,amazon-ecs
0,aws-java-sdk,aws-sdk
0,aws-sdk-cpp,aws-sdk
0,aws-sdk-js,aws-sdk
0,aws-ses,amazon-ses
0,aws-sns,amazon-sns
0,aws-sqs,amazon-sqs
0,az-application-insights,azure-application-insights
0,azure-arm,azure-resource-manager
0,azure-blob-storage,azure-storage-blobs
0,azure-cognitive-services,microsoft-cognitive
0,azure-graph-api,azure-ad-graph-api
0,azure-networking,azure-virtual-network
0,azure-storage-tables,azure-table-storage
0,azure-web-app-service,azure-web-sites
0,b+-tree,b-tree
0,backbone.marionette,marionette
0,backbonejs,backbone.js
0,background-segmentation,background-subtraction
0,bar-graph,bar-chart
0,barplot,bar-chart
0,baseclasses,base-class
0,basemap,matplotlib-basemap
0,batch-process,batch-processing
0,bdb,berkeley-db
0,bdbje,berkeley-db-je
0,bezier-curve,bezier
0,bigmemory,ehcache-bigmemory
0,binary-number,binary
0,binary-search-trees,binary-search-tree
0,binary-system,binary
0,bing-maps-api,bing-maps
0,bing-maps-controls,bing-maps
0,bit-fiddling,bit-manipulation
0,bit-field,bit-fields
0,bit-operations,bitwise-operators
0,bitsets,bitset
0,bitwise-shift,bit-shift
0,blackberry-world,appworld
0,bll,business-logic-layer
0,blobs,blob
0,blocks,block
0,blog,blogs
0,blogspot,blogger
0,bluemix-appid,ibm-appid
0,bluemix-mobile-services,ibm-mobile-services
0,bluemix-plugin,ibm-cloud-plugin
0,bluemixtools,ibm-cloud-tools
0,bom,byte-order-mark
0,bool,boolean
0,boost.build,boost-build
0,borders,border
0,boss,yahoo-boss
0,bot,bots
0,bounded-wildcard,pecs
0,bourne-shell,sh
0,breakpoint,breakpoints
0,breeze#,breeze-sharp
0,browser-caching,browser-cache
0,bs4,beautifulsoup
0,bst,binary-search-tree
0,build-gradle,build.gradle
0,build-process,build
0,build.gradle.kts,gradle-kotlin-dsl
0,builtin,built-in
0,bulletphysics,bullet
0,bundle,bundler
0,c#-6,c#-6.0
0,c#-nameof,nameof
0,c#.net,c#
0,c++1z,c++17
0,c-sharp,c#
0,c2dm,android-c2dm
0,c5,concrete5
0,c90,c89
0,calender,calendar
0,call-by-reference,pass-by-reference
0,camera2,android-camera2
0,cancancan,cancan
0,carto-mobile,nutiteq
0,ccrc,clearcase-remote-client
0,ce,windows-ce
0,cef,chromium-embedded
0,cells,cell
0,certificates,certificate
0,cf,cfml
0,cf.net,compact-framework
0,cf9,coldfusion-9
0,cfscript,cfml
0,character-reference,html-entities
0,characters,character
0,chars,char
0,charset-table,character-encoding
0,chart,charts
0,charting,charts
0,charting-controls,charts
0,chartjs,chart.js
0,chartjs-2.6.0,chart.js2
0,charts.js,chart.js
0,check-constraint,check-constraints
0,chicken,chicken-scheme
0,chrome,google-chrome
0,chrome-os,google-chrome-os
0,chrome-packaged-app,google-chrome-app
0,chrome-web-driver,selenium-chromedriver
0,chromecast,google-cast
0,chromedriver,selenium-chromedriver
0,claims,claims-based-identity
0,class-loading,classloader
0,classic-asp,asp-classic
0,client-dataset,tclientdataset
0,clients,client
0,clocks,clock
0,clojure.core.logic,clojure-core.logic
0,cloud-hosting,cloud
0,cloudfront,amazon-cloudfront
0,cluster,cluster-computing
0,clustered-indexing,clustered-index
0,clustering,cluster-analysis
0,clusters,cluster-computing
0,cmath,math.h
0,cms,content-management-system
0,cocoon,apache-coccoon
0,cocos2d-x-3.x,cocos2d-x-3.0
0,code-beautification,code-formatting
0,code-efficiency,performance
0,code-snippet,code-snippets
0,code-style,coding-style
0,code-timing,benchmarking
0,codecs,codec
0,codeigniter-classloader,codeigniter
0,codeigniter-upload,codeigniter
0,codemirror-modes,codemirror
0,coinbase,coinbase-api
0,collapsingtoolbarlayout,android-collapsingtoolbarlayout
0,collisions,collision
0,colour,colors
0,colours,colors
0,colspan,html-table
0,column,columns
0,column-store-index,columnstore
0,compass-css,compass-sass
0,compile,compilation
0,compiling,compilation
0,completion,code-completion
0,complexity,complexity-theory
0,composite-c1,c1-cms
0,compositewpf,prism
0,comprehension,list-comprehension
0,computed-column,calculated-columns
0,computed-columns,calculated-columns
0,concurency,concurrency
0,conditions,condition
0,configuration-files,config
0,conflicts,conflict
0,conformance,standards-compliance
0,connections,connection
0,contact,contacts
0,contactscontract,android-contacts
0,contain,contains
0,content-script,userscripts
0,contentresolver,android-contentresolver
0,continuation,continuations
0,control-template,controltemplate
0,controlleras,angularjs-controlleras
0,controllers,controller
0,controltemplates,controltemplate
0,convention,conventions
0,conversation,discussion
0,conversations,discussion
0,converter,converters
0,convolutional-neural-network,conv-neural-network
0,coordinate,coordinates
0,corenlp,stanford-nlp
0,corner,corners
0,corona-storyboard,corona
0,cortana-analytics,cortana-intelligence
0,coverage,code-coverage
0,cpanm,cpan
0,cross-compile,cross-compiling
0,cross-origin,cross-domain
0,crowd,atlassian-crowd
0,cryptographichashfunction,cryptographic-hash-function
0,cryptopp,crypto++
0,cs5,flash-cs5
0,cscript,wsh
0,csharp,c#
0,css2,css
0,cstring,c-strings
0,cte,common-table-expression
0,cupcake,android-1.5-cupcake
0,cursoradapter,android-cursoradapter
0,cursorloader,android-cursorloader
0,curves,curve
0,custom-keyboard,ios-app-extension
0,custom-tag,custom-tags
0,custom-validators,customvalidator
0,customcomponents,custom-component
0,customer-account-data,customer-account-data-api
0,customize,customization
0,customized,customization
0,customizing,customization
0,customtags,custom-tags
0,cv,computer-vision
0,dag,directed-acyclic-graphs
0,dal,data-access-layer
0,dask.distributed,dask-distributed
0,dat,dat-protocol
0,data-access-object,dao
0,data-attribute,custom-data-attribute
0,data-attributes,custom-data-attribute
0,data-clustering,cluster-analysis
0,data-definition-language,ddl
0,data-distribution-service,dds
0,data-modelling,data-modeling
0,data-stores,datastore
0,data-type-conversion,type-conversion
0,data-validation,validation
0,data-visualization,visualization
0,data-warehousing,data-warehouse
0,data.frame,dataframe
0,database-link,dblink
0,databases,database
0,databind,data-binding
0,datacontracts,datacontract
0,datastax,datastax-enterprise
0,datatemplates,datatemplate
0,datatype,types
0,date-calculation,date-arithmetic
0,date-formatting,date-format
0,date-manipulation,manipulation
0,datepicker-ui,datepicker
0,datetime-format,date-format
0,daylight-savings,dst
0,daylight-savings-time,dst
0,db2400,db2-400
0,dba,database-administration
0,dbcp,apache-commons-dbcp
0,dcos,mesosphere
0,ddd,domain-driven-design
0,ddk,wdk
0,decimal-format,decimalformat
0,decimals,decimal
0,decisiontrees,decision-tree
0,decompress,decompression
0,deeplink,deep-linking
0,def,function
0,default-arguments,optional-parameters
0,default-parameters,optional-parameters
0,defaults,default
0,defer,deferred
0,definitions,definition
0,demos,demo
0,derived-instances,deriving
0,descriptors,descriptor
0,deserialize,serialization
0,design-pattern,design-patterns
0,devfabric,azure-compute-emulator
0,dgrid,dojo
0,di,dependency-injection
0,diagrams,diagram
0,dialects,dialect
0,dict-comprehension,dictionary-comprehension
0,diffiehellman,diffie-hellman
0,digital-certificate,certificate
0,directive,angularjs-directive
0,directories,directory
0,directx-12,direct3d12
0,discuss,discussion
0,discussions,discussion
0,distributed-cache,distributed-caching
0,div-layouts,html
0,division-by-zero,divide-by-zero
0,django-auth,django-authentication
0,django-fields,django-models
0,django-formsets,django-forms
0,django-imagefield,django-models
0,django-many-to-many,django-orm
0,django-modelform,django-forms
0,django-modelforms,django-forms
0,django-modelformsets,django-forms
0,django-multi-db,django-orm
0,django-template-tags,django-templates
0,django-widgets,django-widget
0,dll-hell,dll
0,dnd,drag-and-drop
0,dnn5,dotnetnuke-5
0,dnn7,dotnetnuke-7
0,dockerfile,docker
0,doctrine-dbal,dbal
0,document.ready,document-ready
0,documents,document
0,dojo-layer,dojo
0,dojo-require,dojo
0,dojo-store,dojo
0,dojo.data,dojo
0,dojo.stateful,dojo
0,domain-specific-languages,dsl
0,domino,lotus-domino
0,dont-repeat-yourself,dry
0,doors,ibm-doors
0,dot,graphviz
0,dotnet,.net
0,dotnetnuke-module,dotnetnuke
0,dotnetnuke-settings,dotnetnuke
0,double-buffering,doublebuffered
0,drag-drop,drag-and-drop
0,dragon-naturallyspeaking,naturallyspeaking
0,drf,django-rest-framework
0,drivers,driver
0,drop-down,drop-down-menu
0,dropdownlist,drop-down-menu
0,drupal-module,drupal-modules
0,dsp,signal-processing
0,dte,envdte
0,dual-monitor,multiple-monitors
0,dual-monitors,multiple-monitors
0,duckduckgo-search,duckduckgo
0,duplicate,duplicates
0,duration,timespan
0,dwm-api,dwm
0,dwmapi,dwm
0,dxl,ibm-doors
0,dynamics,microsoft-dynamics
0,dynamics-365-sales,dynamics-365
0,dynamics-crm-365,dynamics-365
0,eav,entity-attribute-value
0,eclipse-galileo,eclipse-3.5
0,eclipse-ganymede,eclipse-3.4
0,eclipse-helios,eclipse-3.6
0,eclipse-plugin-dev,eclipse-plugin
0,eclipse-webtools,eclipse-wtp
0,ecmascript-4,actionscript-3
0,ecommerce,e-commerce
0,ecs,amazon-ecs
0,edge-browser,microsoft-edge
0,edittext,android-edittext
0,ef,entity-framework
0,ef4,entity-framework-4
0,efi,uefi
0,ejb-3,ejb-3.0
0,elastic-map-reduce,amazon-emr
0,elements,element
0,elixir-lang,elixir
0,elk-stack,elastic-stack
0,email-server,mail-server
0,embedded-db,embedded-database
0,embedded-javascript,ejs
0,embedded-matlab,matlab-coder
0,embedded-systems,embedded
0,embedded-v8,v8
0,ember-cli-addons,ember-addon
0,ember-cp-validation,ember-cp-validations
0,emberjs,ember.js
0,emmett,emmet
0,employment,career-development
0,emr,amazon-emr
0,emulate,emulation
0,emulator,emulation
0,end-of-file,eof
0,endless-loop,infinite-loop
0,endless-scroll,infinite-scroll
0,endpoints,endpoint
0,engopen,matlab-engine
0,enhanced-for-loop,foreach
0,entity-framework-4.3.1,entity-framework-4.3
0,entity-framework-7,entity-framework-core
0,entity-framework-core-2.1,ef-core-2.1
0,entity-framework-core-migrations,entity-framework-core
0,environments,environment
0,epd-python,canopy
0,equations,equation
0,er,entity-relationship
0,ergonomic,ergonomics
0,ergonomy,ergonomics
0,es2017,ecmascript-2017
0,es6,ecmascript-6
0,es7,ecmascript-7
0,etree,elementtree
0,evaluation-order,order-of-evaluation
0,event-listeners,event-listener
0,eventlistener,event-listener
0,eventlog,event-log
0,eventsource,server-sent-events
0,eventviewer,event-viewer
0,evoq,dotnetnuke
0,ews,exchangewebservices
0,excel-indirect,excel-formula
0,excel-match,excel-formula
0,excel-xll,xll
0,exchange-2003,exchange-server-2003
0,exchange-2007,exchange-server-2007
0,exchange-2010,exchange-server-2010
0,exchangews,exchangewebservices
0,execution-plan,sql-execution-plan
0,expando,expandoobject
0,explain-plan,sql-execution-plan
0,exponents,exponent
0,extensions,extension
0,externals,external
0,ezcomponents,zeta-components
0,f#-charting,fsharpchart
0,f#-interactive,fsi
0,f#-make,f#-fake
0,f#-scripting,fsi
0,fabric-composer,hyperledger-composer
0,facade-pattern,facade
0,factory-girl,factory-bot
0,factorygirl,factory-bot
0,faster,performance
0,faults,fault
0,fcgi,fastcgi
0,fcm,firebase-cloud-messaging
0,fedex-api,fedex
0,fedex-shipping,fedex
0,feeds,feed
0,feign,netflix-feign
0,fields,field
0,figures,figure
0,file-moving,file-move
0,file-protocol,file-uri
0,filenet-cpe,filenet-content-engine
0,filestreams,filestream
0,filetypes,file-type
0,fileuploader,file-upload
0,findall-prolog,prolog-findall
0,fire-tv,amazon-fire-tv
0,firebase-android,firebase
0,firebase-database,firebase-realtime-database
0,firebase-notifications,firebase-cloud-messaging
0,firewatir,watir
0,fix-protocol,fix
0,fixture,fixtures
0,fk-relationship,foreign-keys
0,flash-builder,flexbuilder
0,flask-blueprint,flask
0,flickr-api,flickr
0,floats,float
0,flow3,typo3-flow
0,fluent-api,fluent-interface
0,fluent-nhibernate-mapping,fluent-nhibernate
0,fms,flash-media-server
0,folders,folder
0,foldl,fold
0,foldr,fold
0,font,fonts
0,for-in,for-in-loop
0,force.com,salesforce
0,foreign-key,foreign-keys
0,form-authentication,forms-authentication
0,formats,format
0,fortify-software,fortify
0,fortify360,fortify
0,forums,forum
0,forward-declarations,forward-declaration
0,forxml,for-xml
0,foxpro,visual-foxpro
0,fps,frame-rate
0,fractal,fractals
0,fragmentactivity,android-fragmentactivity
0,freedos,dos
0,frontcontroller,front-controller
0,froyo,android-2.2-froyo
0,frp,reactive-programming
0,fsharp.data,f#-data
0,fsharp.data.typeproviders,f#-data
0,fstat,stat
0,fugitive.vim,vim-fugitive
0,function-calls,function-call
0,function-overloading,overloading
0,function-template,function-templates
0,functors,functor
0,fusion-tables,google-fusion-tables
0,gameloop,game-loop
0,gateways,gateway
0,gcd,greatest-common-divisor
0,gce,google-compute-engine
0,gcm,google-cloud-messaging
0,gdax,gdax-api
0,gdiplus,gdi+
0,gdocs,google-docs
0,gems,rubygems
0,generic,generics
0,generic-handler,ashx
0,genetic,genetic-algorithm
0,genymotion-call,genymotion
0,geocoding,geospatial
0,geojason,geojson
0,geopositioning,geolocation
0,gestures,gesture
0,getters,getter
0,getters-setters,getter-setter
0,ggplot,ggplot2
0,gh-pages,github-pages
0,ghost,ghost-blog
0,gingerbread,android-2.3-gingerbread
0,gke,google-container-engine
0,glass,aero-glass
0,glassfish-v3,glassfish-3
0,global.asax,global-asax
0,gmaven,gmaven-plugin
0,gmock,googlemock
0,gnu-cobol,gnucobol
0,gnumakefile,gnu-make
0,gnumakefiles,gnu-make
0,go-language,go
0,goinstant-platform,goinstant
0,golang,go
0,google+,google-plus
0,google-accounts,google-account
0,google-adsense,adsense
0,google-adwords-api,google-adwords
0,google-analytics-android,google-analytics-sdk
0,google-api-explorer,google-apis-explorer
0,google-api-oauth,google-oauth
0,google-apis,google-api
0,google-app-engine-java,google-app-engine
0,google-charts,google-visualization
0,google-charts-api,google-visualization
0,google-cloud,google-cloud-platform
0,google-consumer-surveys,google-surveys
0,google-experiments,google-website-optimizer
0,google-geochart,google-visualization
0,google-mail,gmail
0,google-maps-api-v3,google-maps-api-3
0,google-nacl,google-nativeclient
0,google-picasa,picasa
0,google-places,google-places-api
0,google-play-game-services,google-play-games
0,google-plus-one,google-plus
0,google-python-api,google-api-python-client
0,google-reader-api,google-reader
0,google-realtime-api,google-drive-realtime-api
0,google-sheets,google-spreadsheet
0,google-sketchup,sketchup
0,google-spreadsheet-api,google-sheets-api
0,google-wallet,android-pay
0,gpg,gnupg
0,gqlquery,gql
0,gquery,gwtquery
0,grails-hasmany,gorm
0,grails-orm,gorm
0,graphael,raphael
0,graphic,graphics
0,graphics-card,video-card
0,greyscale,grayscale
0,group-by-all,group-by
0,group-by-time-interval,group-by
0,groupchat,multiuserchat
0,gsa,google-search-appliance
0,gst,gstreamer
0,gtalk,google-talk
0,gtest,googletest
0,gulp.watch,gulp-watch
0,gundb,gun
0,gvim,vim
0,gvimrc,vim
0,gwtp,gwt-platform
0,h264,h.264
0,h2db,h2
0,h5bp,html5boilerplate
0,ha,high-availability
0,habtm,has-and-belongs-to-many
0,hadoop-2.7.2,hadoop2
0,hana-sql-script,hana
0,hana-studio,hana
0,hana-xs,hana
0,handheld,mobile-devices
0,handhelddevice,mobile-devices
0,handlers,handler
0,handles,handle
0,harddisk,hard-drive
0,hashing,hash
0,having-clause,having
0,hdd,hard-drive
0,helpers,helper
0,here-maps,here-api
0,heroku-cli,heroku-toolbelt
0,hg,mercurial
0,hidden-fields,hidden-field
0,hiddenfield,hidden-field
0,hide,show-hide
0,highlighting,highlight
0,honeycomb,android-3.0-honeycomb
0,htdigest,.htpasswd
0,htl,sightly
0,html-comments,html
0,html-dataset,custom-data-attribute
0,html-entity,html-entities
0,html-helpers,html-helper
0,html-manipulation,dom-manipulation
0,html-option,html-select
0,html-validation,validation
0,html.dropdownlist,html-select
0,htmlparser,html-parsing
0,htpasswd,.htpasswd
0,http-request,httprequest
0,huffman,huffman-code
0,huffman-coding,huffman-code
0,hyperledger,hyperledger-fabric
0,hyperlinks,hyperlink
0,i18n,internationalization
0,ia64,itanium
0,iads,iad
0,iap,in-app-purchase
0,ibm-bluemix,ibm-cloud
0,ibm-i,ibm-midrange
0,ibm-watson-cognitive,ibm-watson
0,ical,icalendar
0,icarus,iverilog
0,ice-cream-sandwich,android-4.0
0,icon,icons
0,icpc,icc
0,ics,icalendar
0,idempotence,idempotent
0,idempotency,idempotent
0,identify,detect
0,idiom,idioms
0,idiomatic,idioms
0,idle,python-idle
0,idle-ide,python-idle
0,ie,internet-explorer
0,ie10,internet-explorer-10
0,ie11,internet-explorer-11
0,ie6,internet-explorer-6
0,ie6-bug,internet-explorer-6
0,ie7,internet-explorer-7
0,ie7-bug,internet-explorer-7
0,ie8,internet-explorer-8
0,ie8-developer-tools,ie-developer-tools
0,ie9,internet-explorer-9
0,ie9-developer-tools,ie-developer-tools
0,if,if-statement
0,if-else-statement,if-statement
0,if-then-else,if-statement
0,ifdef,conditional-compilation
0,iis5,iis-5
0,iis6,iis-6
0,iis7,iis-7
0,iis7httpmodule,httpmodule
0,iis8,iis-8
0,imageio,javax.imageio
0,impersonate,impersonation
0,implementation-details,implementation
0,in-the-wild,production
0,indent,indentation
0,infile,file-io
0,infix,infix-notation
0,inheritence,inheritance
0,inline-block,css
0,inline-function,inline-functions
0,inline-if,conditional-operator
0,input-file,file-io
0,input-files,file-io
0,installing,installation
0,instances,instance
0,integral,numerical-integration
0,intel-c++,icc
0,intellij,intellij-idea
0,intellij-2016.1,intellij-idea
0,intellij-idea-15,intellij-15
0,intent,android-intent
0,interact-js,interact.js
0,interceptors,interceptor
0,internal,internals
0,interpolate,interpolation
0,interprocess-communicatio,ipc
0,interrupts,interrupt
0,interval,intervals
0,introduction,intro.js
0,invalidation,invalidate
0,ioc,inversion-of-control
0,ios-autolayout,autolayout
0,ios-sdk,ios
0,ios-standalone-mode,iphone-standalone-web-app
0,ios2,iphone-sdk-2
0,ios4.0.1,ios4
0,ios4.1,ios4
0,ios4.3,ios4
0,ipad-simulator,ios-simulator
0,ipad-splitview,ipad
0,ipad-standalone-mode,iphone-standalone-web-app
0,ipad-ui,ipad
0,iphone-6+,iphone-6-plus
0,iphone-ios,iphone
0,iphone-provisioning,ios-provisioning
0,iphone-sdk-4,ios4
0,iphone-sdk-4.0,ios4
0,iphone-sdk-5.0,ios5
0,iphone-sdk-6.0,ios6
0,iphone-simulator,ios-simulator
0,ipn,paypal-ipn
0,ipp,intel-ipp
0,iseries,ibm-midrange
0,itemrenderers,itemrenderer
0,iterative,iteration
0,itest,recharge
0,j2me,java-me
0,j2se,java
0,jade,pug
0,jasper-plugin,jasper-reports
0,java-5.0,java-5
0,java-6.0,java-6
0,java-7.0,java-7
0,java-native-interface,jni
0,java-util-logging,java.util.logging
0,java-util-scanner,java.util.scanner
0,java.io,java-io
0,java.time,java-time
0,javaassist,javassist
0,javaslang,vavr
0,javax.sound.midi,javasound
0,javax.sound.sampled,javasound
0,jazz,ibm-jazz
0,jboss-as-7,jboss7.x
0,jboss-hornetq,hornetq
0,jcodemodel,sun-codemodel
0,jcomponents,jcomponent
0,jde,blackberry-jde
0,jdk1.5,java-5
0,jdk1.6,java-6
0,jdk1.8,java-8
0,jdk8,java-8
0,jdk9,java-9
0,jdt,eclipse-jdt
0,jee,java-ee
0,jee-5,java-ee-5
0,jee-6,java-ee-6
0,jelly-bean,android-4.2-jelly-bean
0,jetpack,firefox-addon-sdk
0,jetty-maven-plugin,maven-jetty-plugin
0,jinja,jinja2
0,jme,java-me
0,job-hunting,career-development
0,jointable,join
0,joomla1.6,joomla2.5
0,joomla1.7,joomla2.5
0,joomla3.1,joomla3.0
0,joomla3.2,joomla3.0
0,joomla3.x,joomla3.0
0,jpa-2,jpa-2.0
0,jpg,jpeg
0,js,javascript
0,js-amd,amd
0,jscript.net,jscript
0,jsecurity,shiro
0,jsf2.0,jsf-2
0,jsp-f,jsp-fragments
0,jsp-fragment,jsp-fragments
0,jsp-tag,jsp-tags
0,jsp-tag-files,jsp-tags
0,jspf,jsp-fragments
0,jsr-303,bean-validation
0,julia,julia-lang
0,jump-lists,jump-list
0,k8s,kubernetes
0,kafka,apache-kafka
0,kalman,kalman-filter
0,kendo,kendo-ui
0,kext,kernel-extension
0,key-binding,key-bindings
0,key-events,keyevent
0,keys,key
0,keywords,keyword
0,kitchen,test-kitchen
0,kitkat,android-4.4-kitkat
0,knapsack,knapsack-problem
0,knockoutjs,knockout.js
0,knockoutjs-mapping-plugin,knockout-mapping-plugin
0,knockoutjs2,knockout-2.0
0,known-type,known-types
0,knppaginatorbundle,knppaginator
0,komodo-ide,komodo
0,komodoedit,komodo
0,kr-c,kernighan-and-ritchie
0,kronos-wfc,kronos-workforce-central
0,kynetx,krl
0,l10n,localization
0,l2e,linq-to-entities
0,labels,label
0,language-integrated-query,linq
0,laravel-5.4,laravel-5
0,laravel-5.5,laravel-5
0,laravel-paginate,laravel-pagination
0,lastfm,last.fm
0,latin1,iso-8859-1
0,layers,layer
0,lazy-load,lazy-loading
0,leaflet-r,r-leaflet
0,left-outer-join,left-join
0,lein,leiningen
0,leopard,osx-leopard
0,levenstein,levenshtein-distance
0,lexer,lexical-analysis
0,lexical-analyser,lexical-analysis
0,lexical-analyzer,lexical-analysis
0,li,html-lists
0,libnds,devkitpro
0,libreadline,readline
0,libxml,libxml2
0,licence,licensing
0,licence-agreement,licensing
0,licence-agreements,licensing
0,licences,licensing
0,license,licensing
0,license-agreement,licensing
0,license-agreements,licensing
0,licenses,licensing
0,lighthttpd,lighttpd
0,limits,limit
0,line-break,line-breaks
0,linearlayout,android-linearlayout
0,linearmodels,linear-regression
0,lines,line
0,link,hyperlink
0,link-errors,linker-errors
0,linked-data-platform,linked-data
0,linking-errors,linker-errors
0,links,hyperlink
0,linq-expressions,expression-trees
0,linq-performance,performance
0,linq-query-syntax,linq
0,linq2twitter,linq-to-twitter
0,lion,osx-lion
0,liskov-substitution,lsp
0,liskov-substitution-prin,lsp
0,liskov-substitution-princ,lsp
0,listboxitems,listboxitem
0,listeners,listener
0,livecycle-data-services,lcds
0,llblgen,llblgenpro
0,lmer,lme4
0,logon,authentication
0,long,long-integer
0,lpsolveapi,lpsolve
0,lwrp,chef
0,mac,macos
0,mac-addr,mac-address
0,mac-os-x-server,osx-server
0,machine.specifications,mspec
0,macos10.6,osx-snow-leopard
0,macosmojave,macos-mojave
0,macosx,macos
0,macosx-10.5,osx-leopard
0,magical-getters-setters,getter-setter
0,man-pages,manpage
0,managed-vm,google-managed-vm
0,manuals,manual
0,mapkitannotation,mkannotation
0,mappings,mapping
0,mapview,android-mapview
0,marker,google-maps-markers
0,markers,google-maps-markers
0,market,google-play
0,marshal,marshalling
0,marshaling,marshalling
0,masterpage,master-pages
0,matcaffe,caffe
0,matchers,matcher
0,material-design-light,material-design-lite
0,materialize-css,materialize
0,materialize-js,materialize
0,materializecss,materialize
0,mathematica,wolfram-mathematica
0,maths,math
0,matlab-ide,matlab
0,matlab-path,matlab
0,matlab-standalone,matlab-compiler
0,mavericks,osx-mavericks
0,mayavi-mlab,mayavi.mlab
0,mdb,ms-access
0,meanio,mean.io
0,media-query,media-queries
0,mediarecorder,android-mediarecorder
0,member-function,member-functions
0,members,member
0,memorystream,stream
0,menuitem,menu
0,mercurial-subrepos,subrepos
0,messagepack,msgpack
0,messages,message
0,metal-framework,metal
0,metatag,meta-tags
0,meteorjs,meteor
0,method-chain,method-chaining
0,method-chains,method-chaining
0,metric,metrics
0,metro,microsoft-metro
0,metro-framework,java-metro-framework
0,metro-style-app,microsoft-metro
0,metro-ui,microsoft-metro
0,mht,mhtml
0,microsoft-access,ms-access
0,microsoft-dynamics-crm,dynamics-crm
0,microsoft-dynamics-webapi,dynamics-crm-webapi
0,microsoft-surface,pixelsense
0,microsoft-web-deploy,webdeploy
0,microsoft.codeanalysis,roslyn
0,microsoftgraph,microsoft-graph
0,mime-content-type,mime-types
0,ming-library,libming
0,mingw64,mingw-w64
0,mini-profiler,mvc-mini-profiler
0,minidump,crash-dumps
0,mkmapkit,mapkit
0,mkmapviewdelegate,mkmapview
0,mobile-web,mobile-website
0,mobilesubstrate,cydia-substrate
0,modal,modal-dialog
0,modal-view-controller,modalviewcontroller
0,model-binders,modelbinders
0,model-view-presenter,mvp
0,modelbinder,modelbinders
0,modelling,modeling
0,models,model
0,moment.js,momentjs
0,money,currency
0,mongo-csharp-driver,mongodb-.net-driver
0,mongo-java,mongodb-java
0,mongocsharpdriver,mongodb-.net-driver
0,mongodb-csharp,mongodb-.net-driver
0,mongodb-csharp-driver,mongodb-.net-driver
0,mongolab,mlab
0,monitors,monitor
0,monotouch-dialog,monotouch.dialog
0,mouse-listener,mouselistener
0,mouse-picking,picking
0,move-semantics,move
0,mpg,mpeg
0,mpich2,mpich
0,mqseries,ibm-mq
0,mro,method-resolution-order
0,ms,microsoft
0,ms-application-insights,azure-application-insights
0,ms-dos,dos
0,ms-jscript,jscript
0,msas,ssas
0,mscrm,dynamics-crm
0,msie,internet-explorer
0,msie7,internet-explorer-7
0,msil,cil
0,msp,msi-patch
0,mssql,sql-server
0,mssql-ce,sql-server-ce
0,msvc++,visual-c++
0,msvc,visual-c++
0,mtm,microsoft-test-manager
0,muc,multiuserchat
0,multi-column,multiple-columns
0,multi-device-hybrid-apps,visual-studio-cordova
0,multi-monitor,multiple-monitors
0,multi-threaded,multithreading
0,multicastsocket,multicast
0,multipart,multipartform-data
0,multipart-form,multipartform-data
0,multipeer-conectivity-ios,multipeer-connectivity
0,multiple-backgrounds,background-image
0,multiple-definitions,multiple-definition-error
0,multiple-primary-keys,composite-primary-key
0,multiple-process,multiprocess
0,multiselectlist,multi-select
0,multithread,multithreading
0,mustache.js,mustache
0,mvcrazor,razor
0,mws,amazon-mws
0,myphpadmin,phpmyadmin
0,mysql-table,mysql
0,mysqlclient,mysql
0,mysqldb,mysql-python
0,n-tier-architecture,n-tier
0,n2cms,n2
0,name-clash,name-conflict
0,named-scopes,named-scope
0,nativeclient,google-nativeclient
0,nav,navigation
0,navigationbar,navbar
0,nc,netcat
0,negative-margin,margin
0,nested-divs,html
0,nested-gridview,gridview
0,nested-repeater,repeater
0,netmf,.net-micro-framework
0,nettiers,.nettiers
0,networks,networking
0,neventstore,event-store
0,nextjs,next.js
0,ng-if-else,angular-ng-if
0,nhibernate-queryover,queryover
0,nim,nimrod
0,nintendo-ds,devkitpro
0,nivo,nivo-slider
0,nodejs,node.js
0,nokia-location-api,here-api
0,nokia-maps,here-api
0,non-ascii-chars,non-ascii-characters
0,non-printable,non-printing-characters
0,normalisation,normalization
0,nsdocumentsdirectory,nsdocumentdirectory
0,nsmanagedobject,core-data
0,nsmanagedobjectcontext,core-data
0,nsnotification,nsnotifications
0,nulls,null
0,nullvalue,null
0,numba-pro,numba
0,numberformat,number-formatting
0,numerical,numeric
0,numerics,numeric
0,nvd3,nvd3.js
0,nw.js,node-webkit
0,o-notation,big-o
0,oauth2,oauth-2.0
0,objc-bridging-header,bridging-header
0,object-file,object-files
0,object-lifetime,lifetime
0,object-orientation,oop
0,odr,one-definition-rule
0,office365-addin,office365-apps
0,office365-restapi,office365api
0,oidc,openid-connect
0,ol,html-lists
0,omniture,adobe-analytics
0,onedefinitionrule,one-definition-rule
0,onedrive-api,onedrive
0,oo,oop
0,ood,oop
0,open-office,openoffice.org
0,opencobol,gnucobol
0,openerp-8,odoo-8
0,openui5,sapui5
0,operating-systems,operating-system
0,operator,operator-keyword
0,operator-new,new-operator
0,opscode,chef
0,optaplanner,drools-planner
0,optional-arguments,optional-parameters
0,oracle-apex,apex
0,oracle-express,oracle-xe
0,oracle-service-cloud,rightnow-crm
0,oracle10g-express,oracle-xe
0,order-by,sql-order-by
0,ordered-list,html-lists
0,ordereddict,ordereddictionary
0,orient-db,orientdb
0,os,operating-system
0,osk,on-screen-keyboard
0,osm,openstreetmap
0,osx,macos
0,osx-10.6,osx-snow-leopard
0,osx-10.7,osx-lion
0,osx-10.9,osx-mavericks
0,osx-yosemite10.10,osx-yosemite
0,outer,outer-join
0,outfile,file-io
0,outlook-calendar,outlook
0,outlook-envelope-icon,outlook
0,outlook-express,outlook
0,outlook-form,outlook
0,outlook-macro,outlook
0,outlook-web-addins,office-js
0,outlook.com,outlook
0,outofmemoryerror,out-of-memory
0,outofmemoryexception,out-of-memory
0,output-files,file-io
0,overlays,overlay
0,overrides,override
0,overriding,override
0,overwriting,overwrite
0,owa,outlook-web-app
0,owl2,owl-carousel-2
0,owlim,graphdb
0,oxygene,delphi-prism
0,packages,package
0,packets,packet
0,painless,elasticsearch-painless
0,painting,paint
0,pairs,pair
0,palib,devkitpro
0,panels,panel
0,panoramic,panoramas
0,paperclip-validation,paperclip
0,param,parameters
0,parameterized-queries,parameterized-query
0,parametrized-constructor,parameterized-constructor
0,params,parameters
0,parenthesis,parentheses
0,parents,parent
0,parsexml,xml-parsing
0,passportjs,passport.js
0,pattern,design-patterns
0,paypal-express,paypal
0,paypal-sdk,paypal
0,paypalmerchantsdk,paypal
0,pc-dos,dos
0,pdfviewer,pdf-viewer
0,pe,portable-executable
0,peano-numbers,successor-arithmetics
0,pecl,pear
0,pen-testing,penetration-testing
0,pendingintent,android-pendingintent
0,pentaho-data-integration,pentaho-spoon
0,pentium,x86
0,percent-encoding,urlencode
0,performance-test,performance-testing
0,performancecounters,performancecounter
0,perl-oo,object-oriented-perl
0,permalink,permalinks
0,permutations,permutation
0,persian,farsi
0,perspectives,perspective
0,phaser.io,phaser-framework
0,phonegap-plugins,cordova-plugins
0,photos,photo
0,php.ini,php
0,php5,php
0,phpdocumenter,phpdoc
0,picture,image
0,pictures,image
0,pig,apache-pig
0,pip3,pip
0,piwik,matomo
0,pixels,pixel
0,pkcs12,pkcs#12
0,pkcs7,pkcs#7
0,play,playback
0,play-json,playframework-json
0,play-mvc,playframework
0,playbook,blackberry-playbook
0,playlists,playlist
0,playstation3,ps3
0,plugin,plugins
0,plunkr,plunker
0,pnacl,google-nativeclient
0,poi,apache-poi
0,points,point
0,polyfills,shim
0,polygons,polygon
0,polynomial-math,polynomials
0,pom,pom.xml
0,ports,port
0,posix-api,posix
0,post-commit,post-commit-hook
0,post-request,http-post
0,postbacks,postback
0,postcode,postal-code
0,postfix,postfix-mta
0,postgres,postgresql
0,powerpack,powerpacks
0,ppc,powerpc
0,predicates,predicate
0,prepare,prepared-statement
0,pretty-url,friendly-url
0,pretty-urls,friendly-url
0,primary-keys,primary-key
0,prismv2,prism-2
0,prismv4,prism-4
0,privatekey,private-key
0,privilege,privileges
0,procedures,procedure
0,process-template,tfs-process-template
0,processingjs,processing.js
0,products,product
0,profilers,profiler
0,profiles,profile
0,programatically,programmatically
0,programming-history,history
0,programming-style,coding-style
0,progress-database,progress-db
0,project-oxford,microsoft-cognitive
0,projects,project
0,protobufs,protocol-buffers
0,pseudo-random-numbers,random
0,pseudo-terminals,pty
0,publishing,publish
0,push-api,web-push
0,push-notifications,push-notification
0,pwa,progressive-web-apps
0,py2to3,python-2to3
0,py3k,python-3.x
0,pycaffe,caffe
0,pytest,py.test
0,python-3,python-3.x
0,python-3.5.2,python-3.5
0,python-coverage,coverage.py
0,python-pil,python-imaging-library
0,python-xray,python-xarray
0,python3k,python-3.x
0,qb,quickblox
0,qliksense,qlikview
0,qlikview.next,qlikview
0,qplot,ggplot2
0,qstylesheet,qss
0,qt-layout,qlayout
0,qt-stylesheet,qss
0,qtip-2.0,qtip2
0,quality-center,hp-quality-center
0,quaternion,quaternions
0,queries,query
0,query-execution-plans,sql-execution-plan
0,query-plan,sql-execution-plan
0,query-plans,sql-execution-plan
0,queryperformancecounter,performancecounter
0,queryset,django-queryset
0,question-colon,conditional-operator
0,qweb,odoo-qweb
0,qweb-report,odoo-qweb
0,qxt,libqxt
0,radius-protocol,radius
0,rails,ruby-on-rails
0,rand,random
0,random-alpha-generator,random
0,random-generator,random
0,random-number,random
0,random-number-generator,random
0,random-numbers,random
0,random-string,random
0,random-string-generator,random
0,rational-numbers,rational-number
0,raven,ravendb
0,razor-grid,webgrid
0,rdfstore,triplestore
0,rds,amazon-rds
0,react-admin,admin-on-rest
0,reactive-extensions-js,rxjs
0,reactjs-flux,flux
0,real-time-database,firebase-realtime-database
0,realm.io,realm
0,recommendation,recommendation-engine
0,records,record
0,recyclerview-layout,android-recyclerview
0,redirecting,redirect
0,reference-types,reference-type
0,references,reference
0,regexp,regex
0,regions,region
0,registers,cpu-registers
0,regular-expression,regex
0,regular-expressions,regex
0,reintegrate,svn-reintegrate
0,relationships,relationship
0,remote-notifications,push-notification
0,repeating,repeat
0,repl,read-eval-print-loop
0,reports,report
0,require.js,requirejs
0,requires,require
0,resizing,resize
0,resolutions,resolution
0,rest-api,rest
0,restarting,restart
0,restrictions,restriction
0,return-statement,return
0,returns,returning
0,reusable-code,code-reuse
0,reuse,reusability
0,reverse-polish-notation,postfix-notation
0,reviews,review
0,revision-control,version-control
0,revisions,revision
0,revolution-r,microsoft-r
0,richtextformat,rtf
0,ring-buffer,circular-buffer
0,rmarkdown,r-markdown
0,rml,reportlab
0,rng,random
0,rnn,recurrent-neural-network
0,roasal,roassal
0,robots,robot
0,role,roles
0,rollovers,rollover
0,roo,spring-roo
0,rotate,rotation
0,rotating,rotation
0,route,routes
0,rowspan,html-table
0,rrd,rrdtool
0,rro,microsoft-r
0,rtc,rational-team-concert
0,rtsj,real-time-java
0,ruby-c-api,ruby-c-extension
0,ruby-ext,ruby-c-extension
0,ruby-extension,ruby-c-extension
0,ruby-on-rails-4-1,ruby-on-rails-4.1
0,rule,rules
0,rules-engine,rule-engine
0,rules-engines,rule-engine
0,running-time,performance
0,rvm,rvmrc
0,rx.net,system.reactive
0,safari-bug,safari
0,sailsjs,sails.js
0,saml2,saml-2.0
0,samples,sample
0,sandboxing,sandbox
0,sapui,sapui5
0,saving,save
0,saxparser,sax
0,scalajs,scala.js
0,scalar-valued-functions,user-defined-functions
0,school,homework
0,scikits-learn,scikit-learn
0,scm,version-control
0,scratch,mit-scratch
0,screens,screen
0,scriptsharp,script#
0,scrollbars,scrollbar
0,scrollwheel,mousewheel
0,scss,sass
0,sdf,sql-server-ce
0,sede,dataexplorer
0,select-tag,html-select
0,selenium-webdriver-c#,selenium-webdriver
0,selenium-webdriver-java,selenium-webdriver
0,selenium2,selenium-webdriver
0,self-organizing-maps,som
0,self-referencing,self-reference
0,self-referential,self-reference
0,semver,semantic-versioning
0,sentestingkit,ocunit
0,sequence-point,sequence-points
0,sequences,sequence
0,server-2003,windows-server-2003
0,servercontrol,servercontrols
0,serverfbml,fbml
0,serviceconnection,android-binder
0,servicestack-bsd,servicestack
0,servicestack-text,servicestack
0,servlet,servlets
0,servlet-filter,servlet-filters
0,sesame,openrdf
0,sets,set
0,setters,setter
0,setting,settings
0,setup,installation
0,shade,maven-shade-plugin
0,shadows,shadow
0,shape,shapes
0,shapedrawable,android-shapedrawable
0,sharedobject,shared-objects
0,sheets,google-spreadsheet
0,shm,shared-memory
0,short-message-service,sms
0,shortcuts,shortcut
0,sibling,siblings
0,signatures,signature
0,significant-figures,significant-digits
0,similarity-analyzer,similarity
0,single-responsibility,srp
0,single-responsibility-pri,srp
0,singlepage,single-page-application
0,site-catalyst,adobe-analytics
0,sitemaps,sitemap
0,skimage,scikit-image
0,skus,sku
0,sl4j,slf4j
0,slack,slack-api
0,slf4j-api,slf4j
0,slick-carousel,slick.js
0,slick-js,slick.js
0,sliders,slider
0,slowness,performance
0,smartbear-testcomplete,testcomplete
0,smartwatch,sony-smartwatch
0,snippet,code-snippets
0,snippets,code-snippets
0,snow-leopard,osx-snow-leopard
0,soa-suite,soa
0,socketio,socket.io
0,softkeyboard,android-softkeyboard
0,softlayer,ibm-cloud-infrastructure
0,softlink,symlink
0,softreference,soft-references
0,software-as-a-service,saas
0,sonar,sonarqube
0,sound,audio
0,source-code-management,version-control
0,source-control,version-control
0,source-to-source,transpiler
0,south,django-south
0,spa,single-page-application
0,spam-blocking,spam-prevention
0,spam-detection,spam-prevention
0,spam-filtering,spam-prevention
0,spamming,spam-prevention
0,spark-cluster-framework,apache-spark
0,spark-framework,spark-java
0,spec-sharp,spec#
0,spel,spring-el
0,spellcheck,spell-checking
0,spider,web-crawler
0,spring-data-mongodb,spring-data-document
0,spring-mongo,spring-mongodb
0,spring-rabbitmq,spring-amqp
0,spring-tool-suite,sts-springsourcetoolsuite
0,sprites,sprite
0,sproc,stored-procedures
0,sql-ce,sql-server-ce
0,sql-ce-4,sql-server-ce-4
0,sql-compact,sql-server-ce
0,sql-express,sql-server-express
0,sql-mobile,sql-server-ce
0,sql-server-compact,sql-server-ce
0,sql-server-express-2008,sql-server-2008-express
0,sql-server-express-2012,sql-server-2012-express
0,sql-srever,sql-server
0,sql2016,sql-server-2016
0,sqlce,sql-server-ce
0,sqlexpress,sql-server-express
0,sqlldr,sql-loader
0,sqlperformance,sql
0,square-connect,square
0,ssms-2008,sql-server-2008
0,sso,single-sign-on
0,stackoverflow-api,stackexchange-api
0,stateless-session-beans,stateless-session-bean
0,states,state
0,static-class,static-classes
0,static-function,static-functions
0,static-member,static-members
0,staticfbml,fbml
0,stdlib,std
0,stellarjs,stellar.js
0,stm,transactional-memory
0,stock,stocks
0,stored-procedure,stored-procedures
0,storing,storage
0,streaming,video-streaming
0,street-view,google-street-view
0,streetview,google-street-view
0,string-compare,string-comparison
0,string-similarity,similarity
0,string-utils,apache-stringutils
0,stringgrid,tstringgrid
0,strongly-typed,strong-typing
0,stubs,stub
0,student,homework
0,student-question,homework
0,style,styles
0,stylesheets,stylesheet
0,subclasses,subclass
0,subdomains,subdomain
0,submenu,menu
0,submodule,git-submodules
0,submodules,git-submodules
0,subqueries,subquery
0,subreports,subreport
0,subscriptions,subscription
0,substitute,substitution
0,substrings,substring
0,subviews,subview
0,surefire,maven-surefire-plugin
0,susy,susy-sass
0,svcutil,svcutil.exe
0,svg-path,svg
0,swift-ios,swift
0,swift-language,swift
0,swift1.2,swift
0,swift2.0,swift2
0,swing-worker,swingworker
0,swtoolkit,swt
0,sxs,side-by-side
0,symfony2,symfony
0,symfony3,symfony
0,syncframework,microsoft-sync-framework
0,system-call,system-calls
0,system-programming,systems-programming
0,system.js,systemjs
0,tabhost,android-tabhost
0,table-value-function,user-defined-functions
0,table-value-functions,user-defined-functions
0,table-valued-function,user-defined-functions
0,table-valued-functions,user-defined-functions
0,table-variables,table-variable
0,taglib#,taglib-sharp
0,tapply,apply
0,targets,target
0,task-scheduler,scheduled-tasks
0,task-scheduling,scheduled-tasks
0,tasks,task
0,tcp-ip,tcp
0,td,html-table
0,team-foundation,tfs
0,team-foundation-build,tfsbuild
0,team-foundation-server,tfs
0,team-system,visual-studio-team-system
0,teleric-mvc,telerik-mvc
0,tempfile,temporary-files
0,template,templates
0,template-function,function-templates
0,temporary-tables,temp-tables
0,tensorflow-js,tensorflow.js
0,terminals,terminal
0,testacular,karma-runner
0,textureview,android-textureview
0,tez,apache-tez
0,tfpt,tfs-power-tools
0,tfs-api,tfs-sdk
0,tfs-service,vsts
0,thread,multithreading
0,thread-safe,thread-safety
0,threading,multithreading
0,thrift-protocol,thrift
0,tika,apache-tika
0,time-format,date-format
0,time-tag,html5
0,timedelta,timespan
0,timestamps,timestamp
0,timezoneinfo,timezone
0,timezones,timezone
0,titanium-android,appcelerator-titanium
0,titanium-modules,appcelerator-titanium
0,titanium-proxy,appcelerator-titanium
0,tmemo,memo
0,tmpfile,temporary-files
0,todos,todo
0,tokenization,tokenize
0,tokenizer,tokenize
0,tokenizing,tokenize
0,tokens,token
0,tomcat-5,tomcat-5.0
0,tomcat-6,tomcat-6.0
0,tomee,apache-tomee
0,toolbars,toolbar
0,tooltips,tooltip
0,torrent,bittorrent
0,tortoise,tortoisesvn
0,tortoise-hg,tortoisehg
0,tpagecontrol,pagecontrol
0,trait,traits
0,transact-sql,tsql
0,transactional,transactions
0,transparentdataencryption,tde
0,traverse,traversal
0,traversing,traversal
0,tree-nodes,treenode
0,treemaps,treemap
0,trellis,lattice
0,trimble-sketchup,sketchup
0,truetype,true-type-fonts
0,tuple-unpacking,iterable-unpacking
0,turboc++,turbo-c++
0,turtle,turtle-graphics
0,tvp,table-valued-parameters
0,twitter-oauth,twitter
0,twitter-rest-api,twitter
0,twitterkit,twitter
0,typeconverting,type-conversion
0,typedarray,typed-arrays
0,u-law,mu-law
0,uber,uber-api
0,ubuntu-lucid,ubuntu-10.04
0,ubuntu-on-windows,windows-subsystem-for-linux
0,ubuntu-precise,ubuntu-12.04
0,udf,user-defined-functions
0,uhd,usrp
0,ui,user-interface
0,ui-grid,angular-ui-grid
0,ui5,sapui5
0,uidynamics,uikit-dynamics
0,uimapview,mkmapview
0,uipangesturerecognizer,uigesturerecognizer
0,uipicker,uipickerview
0,uipinchgesturerecognizer,uigesturerecognizer
0,uiresponder,resignfirstresponder
0,uisegmentcontrol,uisegmentedcontrol
0,uisplitview,uisplitviewcontroller
0,uistoryboardsegue,segue
0,uitableview-section,uitableview
0,uitableviewcell,uitableview
0,uitableviewcellaccessory,uitableview
0,uitableviewcelll,uitableview
0,uitableviewcellstylevalue,uitableview
0,uitableviewcontroller,uitableview
0,uitableviewdatasource,uitableview
0,uitableviewdelegate,uitableview
0,uitableviewfooter,uitableview
0,uitableviewheader,uitableview
0,uitableviewstyle,uitableview
0,uitableviewstylegrouped,uitableview
0,uitapgesturerecognizer,uigesturerecognizer
0,ul,html-lists
0,ultrawingrid,ultragrid
0,umlauts,diacritics
0,umn-mapserver,mapserver
0,unet,unity3d-unet
0,unique-id,uniqueidentifier
0,uniqueness,unique
0,units,units-of-measurement
0,units-of-measure,units-of-measurement
0,unity,unity3d
0,unity-game-engine,unity3d
0,universal-time,utc
0,unix-socket,unix-domain-sockets
0,unmarshall,unmarshalling
0,unordered-list,html-lists
0,unparseable,parseexception
0,unserialize,serialization
0,uri-scheme,url-scheme
0,uriencoding,urlencode
0,url-protocol,url-scheme
0,url-shortening,url-shortener
0,urlmappings,url-mapping
0,urlpatterns,url-pattern
0,urlrewrite,url-rewriting
0,usbdevice,usb
0,user-control,user-controls
0,user-guide,guide
0,userdefaults,nsuserdefaults
0,utf8-decode,utf-8
0,uwp-community-toolkit,windows-community-toolkit
0,ux,user-experience
0,va-arg,variadic-functions
0,va-list,variadic-functions
0,valid-xhtml,xhtml
0,validating,validation
0,value-types,value-type
0,valueinjector,valueinjecter
0,vanity-url,friendly-url
0,variable-length-arguments,variadic-functions
0,variadic-parameter,variadic-functions
0,variants,variant
0,vb,vb.net
0,vc++,visual-c++
0,vcalendar,icalendar
0,vectordrawable,android-vectordrawable
0,velocity,appfabric-cache
0,versions,version
0,vertical-align,vertical-alignment
0,vertx,vert.x
0,vertx.io,vert.x
0,vertx3,vert.x
0,vfp,visual-foxpro
0,video-camera,ip-camera
0,viewpager,android-viewpager
0,views,view
0,virtual-hosts,virtualhost
0,virtual-methods,virtual-method
0,virtualhosts,virtualhost
0,visjs,vis.js
0,vista,windows-vista
0,visual-c#,c#
0,visual-studio-2015-ce,visual-studio-2015
0,visual-studio-extensions,vspackage
0,visual-studio-online,vsts
0,visual-studio-team-services,vsts
0,visual-web,visual-web-developer
0,visual-web-part,web-parts
0,visualstyles,visual-styles
0,vkontakte,vk
0,vm,virtual-machine
0,void-pointer,void-pointers
0,volley,android-volley
0,vpc,amazon-vpc
0,vr,virtual-reality
0,vs-extensibility,vsx
0,vs-macros,visual-studio-macros
0,vs-team-services,vsts
0,vs11,visual-studio-2012
0,vs2005,visual-studio-2005
0,vs2008,visual-studio-2008
0,vs2010,visual-studio-2010
0,vs2011,visual-studio-2012
0,vs2012,visual-studio-2012
0,vs2015,visual-studio-2015
0,vs2017,visual-studio-2017
0,vss,visual-sourcesafe
0,vstemplate,visual-studio-templates
0,vtl,apache-velocity
0,vuetify,vuetify.js
0,wallet,passbook
0,wampserver,wamp
0,watson,ibm-watson
0,wcf-extensibility,wcf-extensions
0,wcf-performance,performance
0,weakreference,weak-references
0,wearos,wear-os
0,web-control,web-controls
0,web-database,web-sql
0,web-part,web-parts
0,web-performance-test,performance-testing
0,web.config,web-config
0,webcam-capture,webcam
0,webcontrol,web-controls
0,webflow-css,webflow
0,webflow-js,webflow
0,weblogic-10,weblogic-10.x
0,weblogic-11,weblogic-11g
0,weblogic-8,weblogic-8.x
0,weblogic-8.1,weblogic-8.x
0,weblogic-9,weblogic-9.x
0,weblogic10.x,weblogic-10.x
0,webnoir,noir
0,webpagescraping,web-scraping
0,webpartzone,web-parts
0,webpy,web.py
0,webservices-client,webservice-client
0,websphere-mq,ibm-mq
0,webstart,java-web-start
0,webworkers,web-worker
0,weemo,sightcall
0,wer,windows-error-reporting
0,wicket-6,wicket-1.6
0,widgets,widget
0,wii,devkitpro
0,wildcards,wildcard
0,win2k3,windows-server-2003
0,win2k8,windows-server-2008
0,win7,windows-7
0,wince,windows-ce
0,window-form,winforms
0,window-forms,winforms
0,windowmanager,window-managers
0,windows-7-api,windows-7
0,windows-api,winapi
0,windows-azure-connect,azure-connect
0,windows-azure-diagnostics,azure-diagnostics
0,windows-azure-networking,azure-virtual-network
0,windows-azure-pack,azure-pack
0,windows-azure-queues,azure-queues
0,windows-azure-tables,azure-table-storage
0,windows-bash,windows-subsystem-for-linux
0,windows-event-log,event-log
0,windows-form,winforms
0,windows-form-designer,windows-forms-designer
0,windows-forms,winforms
0,windows-identity-foundati,wif
0,windows-phone-10,windows-10-mobile
0,windows-phone-mango,windows-phone-7.1
0,windows-script-host,wsh
0,windows-subsystem,windows-unix
0,winmo,windows-mobile
0,winrt,windows-runtime
0,winsxs,side-by-side
0,winxp,windows-xp
0,wix.com,wixcode
0,wix3,wix3.5
0,wm5,windows-mobile-5.0
0,wol,wake-on-lan
0,word-web-addins,office-js
0,wordpress-permission,wordpress
0,wordpress-shortcode,shortcode
0,words,word
0,work-item,tfs-workitem
0,work-item-tracking,tfs-workitem
0,worklight,ibm-mobilefirst
0,worklight-deployment,worklight-server
0,workspaces,workspace
0,wp7,windows-phone-7
0,wp8,windows-phone-8
0,wpf-toolkit,wpftoolkit
0,wpfstyle,wpf-style
0,wrappers,wrapper
0,wraps,wrap
0,wscript,wsh
0,wsf,wsh
0,wsl,windows-subsystem-for-linux
0,wtk,java-wireless-toolkit
0,wtp,eclipse-wtp
0,www,web
0,x-window,x11
0,x.509,x509
0,xamarin.mac,monomac
0,xammp,xampp
0,xcode-playground,swift-playground
0,xcode6-beta3,xcode6
0,xcode8.3,xcode8
0,xcode8.3.2,xcode8
0,xcode8.3.3,xcode8
0,xcode9.2-beta,xcode9.2
0,xcoff,coff
0,xhtmlrenderer,flying-saucer
0,xml-parser,xml-parsing
0,xna4.0,xna-4.0
0,xperia,sony-xperia
0,xquery-update,xquery
0,xslt-2.0-processors,xslt
0,xsltproc,xslt
0,xsltprocessor,xslt
0,xsrf,csrf
0,xwindows,x11
0,yahoo-api,yql
0,yahoo-pipes,yql
0,youtube-api,youtube
0,youtube-v3-api,youtube-api-v3
0,zen-coding,emmet
0,zencoding,emmet
0,zend,zend-framework
0,zf3,zend-framework3
0,zombie,zombie-process
0,zombies,zombie-process
0,zookeeper,apache-zookeeper
0,zul,zk
1,.net-4.5.1,.net-4.5
1,.net-framework-4.0,.net-4.0
1,.net-ria-services,wcf-ria-services
1,3d-modeling,3d-modelling
1,aarch64,arm64
1,actionlinks,actionlink
1,actions,action
1,active-directory-group,active-directory
1,active-record-query,activerecord
1,activerecord-relation,activerecord
1,adf-faces,oracle-adf
1,adl,argument-dependent-lookup
1,ado-net-dataservices,wcf-data-services
1,alt-attribute,alt
1,android-apk,apk
1,android-broadcastreceiver,broadcastreceiver
1,android-compat-lib,android-support-library
1,android-layout-xml,android-layout
1,android-logcat,logcat
1,android-proguard,proguard
1,androiddesignsupport,android-design-library
1,angularjs-ng-class,ng-class
1,apache-axis,axis
1,apache-cordova,cordova
1,apache-fop,fop
1,apache-sqoop,sqoop
1,apache-tiles,tiles
1,appcelerator-mobile,titanium-mobile
1,appmaker,google-app-maker
1,appstoreconnect,itunesconnect
1,aptana-studio,aptana
1,asio,boost-asio
1,asmack,smack
1,associative-arrays,associative-array
1,atomic-swap,compare-and-swap
1,aurelia-cli,aurelia
1,authorisation,authorization
1,autoboxing,boxing
1,aws-athena,amazon-athena
1,aws-cognito,amazon-cognito
1,aws-rds,amazon-rds
1,badges,badge
1,bat,batch-file
1,bean,javabeans
1,beans,javabeans
1,bfs,breadth-first-search
1,big-omega,big-o
1,bison,yacc
1,bits,bit
1,ble,bluetooth-lowenergy
1,blend,expression-blend
1,bookmark,bookmarks
1,boolean-algebra,boolean-logic
1,boost-bjam,bjam
1,boost-jam,bjam
1,brace-initialization,list-initialization
1,breadcrumb,breadcrumbs
1,buffers,buffer
1,bug-reports,bug-reporting
1,builtins,built-in
1,c#-4-0,c#-4.0
1,c3po,c3p0
1,cabal-install,cabal
1,cache-l2,l2-cache
1,caliburn,caliburn.micro
1,camelcase,camelcasing
1,case-expression,case
1,case-statement,case
1,cdt,eclipse-cdt
1,class-methods,class-method
1,clllocation,cllocation
1,cmake-gui,cmake
1,cocoa-touch-framework,cocoa-touch
1,cocos2d-swift,cocos2d-iphone
1,cognito,amazon-cognito
1,coldfusion-mx,coldfusion-6
1,command-prompt,cmd
1,compass,compass-sass
1,compiler-compiler,parser-generator
1,compiler-design,compiler-construction
1,component-object-model,com
1,composer,composer-php
1,composite-key,composite-primary-key
1,connectionpool,connection-pooling
1,constraint,constraints
1,construct,construction
1,containment,contains
1,control,controls
1,crashes,crash
1,crashlytics-android,crashlytics
1,custom-routes,routes
1,cythonize,cython
1,database-trigger,triggers
1,decompiler,decompiling
1,digest,hash
1,direct3d11,directx-11
1,disassembler,disassembly
1,disassembling,disassembly
1,dos-batch,batch-file
1,dotnet-core,.net-core
1,eclipse-adt,adt
1,eigenvector,eigenvalue
1,emf,eclipse-emf
1,empty-string,string
1,encryption-asymmetric,public-key-encryption
1,entity-framework-designer,entity-framework
1,exponentjs,expo
1,expression-engine,expressionengine
1,ext-gwt,gxt
1,fab,floating-action-button
1,fabric-twitter,twitter-fabric
1,factory-pattern,factory
1,file-download,download
1,firestore-rules,firebase-security-rules
1,fluent-entity-framework,entity-framework
1,form-validation,validation
1,fourier,fft
1,fscanf,scanf
1,fsharp,f#
1,fts,full-text-search
1,full-text-indexing,full-text-search
1,fulltrust,full-trust
1,function-object,functor
1,fuseesb,jbossfuse
1,g1,g1gc
1,google-analytics-filters,google-analytics
1,google-code-hosting,google-code
1,google-kubernetes-engine,google-container-engine
1,google-pagespeed,pagespeed
1,google-play-store,google-play
1,google-search-api,google-search
1,google-spanner,google-cloud-spanner
1,gorilla-toolkit,gorilla
1,header-file,header-files
1,heirarchy,hierarchy
1,helios,eclipse-3.6
1,high-resolution,retina-display
1,hiveql,hive
1,hsql,hsqldb
1,html-tag,html
1,huffman-encoding,huffman-code
1,ia32,x86
1,icon-fonts,fonts
1,ida-pro,ida
1,image-resize,image-resizing
1,image-uploading,file-upload
1,implementations,implementation
1,implicits,implicit
1,imports,import
1,input-validation,validation
1,instantiate,instantiation
1,integers,integer
1,intellij-idea-14,intellij-14
1,ios-5.0,ios5
1,iphone-web,iphone
1,j2ee,java-ee
1,java-asm,java-bytecode-asm
1,java-swing,swing
1,java1.5,java-5
1,java1.6,java-6
1,javadocs,javadoc
1,javax.ws.rs,jax-rs
1,karaf,apache-karaf
1,kata,code-kata
1,keyvaluepair,key-value
1,laravel-4.1,laravel-4
1,lesscss,less
1,levenshtein,levenshtein-distance
1,liftweb,lift
1,lightswitch,visual-studio-lightswitch
1,liquid-layout,fluid-layout
1,loadtest,load-testing
1,locals,local-variables
1,log,logging
1,log4netconfiguration,log4net
1,logger,logging
1,logs,logging
1,lxc-docker,docker
1,mata,stata
1,maximization,maximize
1,mcc,matlab-compiler
1,memory-order,memory-barriers
1,microsoft-lightswitch,visual-studio-lightswitch
1,microsoft-office-onenote,onenote
1,microsoft-reporting,reporting-services
1,mina,apache-mina
1,minification,minify
1,mining,data-mining
1,mllib,apache-spark-mllib
1,mocking-framework,mocking
1,mod-rails,passenger
1,mongodb-arrays,arrays
1,moss,sharepoint
1,movies,video
1,mpmovieplayer,mpmovieplayercontroller
1,ms-graph,microsoft-graph
1,ms-velocity,appfabric
1,msdeploy,webdeploy
1,msiexec,windows-installer
1,mtproto,telegram
1,multicore-programming,multicore
1,multidimensional,multidimensional-array
1,multiple-languages,multilingual
1,multitenancy,multi-tenant
1,mysqld,mysql
1,myth-busting,myths
1,named-entity-extraction,named-entity-recognition
1,nancyfx,nancy
1,navigationcontroller,uinavigationcontroller
1,ndarray,multidimensional-array
1,ndk,android-ndk
1,nested-array,multidimensional-array
1,node.js-fs,fs
1,non-standard-evaluation,nse
1,nsfetchedresultcontroller,nsfetchedresultscontroller
1,null-object,null-object-pattern
1,number-rounding,rounding
1,objective-c-2,objective-c-2.0
1,openlink-virtuoso,virtuoso
1,openrefine,google-refine
1,openshift-client-tools,openshift
1,openshift-enterprise,openshift
1,oracle-commerce,atg
1,out-parameter,out-parameters
1,pad,padding
1,pci-compliance,pci-dss
1,pdi,kettle
1,pebble-sdk,pebble-watch
1,permanent-generation,permgen
1,pgadminiii,pgadmin
1,pixel-shader,fragment-shader
1,pkcs11,pkcs#11
1,plaintext,text
1,pointer-math,pointer-arithmetic
1,prepared-statements,prepared-statement
1,profiling-tools,profiling
1,programming-paradigms,paradigms
1,protoc,protocol-buffers
1,prototypes,prototype
1,ps,postscript
1,pubsub,publish-subscribe
1,pythonnet,python.net
1,queryselectorall,selectors-api
1,qwebkit,qtwebkit
1,rad-controls,telerik
1,rails5,ruby-on-rails-5
1,rectangular-arrays,multidimensional-array
1,reddit-api,reddit
1,redirection,redirect
1,reporting-services-2012,ssrs-2012
1,resource-disposal,dispose
1,rewrite-url,url-rewriting
1,rewritebase,mod-rewrite
1,rich-client-platform,rcp
1,routing,routes
1,rssfeed,rss
1,ruby-on-rails-3.2.1,ruby-on-rails-3.2
1,scala-implicits,implicit
1,scalar-function,user-defined-functions
1,scraper,web-scraping
1,segfault,segmentation-fault
1,select-query,select
1,self-executing-function,iife
1,server-client,client-server
1,servicereference,service-reference
1,servletcontext,servlets
1,session-handling,session-management
1,shards,sharding
1,shellexecute,shell-exec
1,signal,signals
1,signal-slot,signals-slots
1,simpledb,amazon-simpledb
1,simplexml-load-string,simplexml
1,singleton-class,singleton
1,slow,performance
1,smooth-numbers,hamming-numbers
1,social-network,social-networking
1,sourcetree,atlassian-sourcetree
1,spark-structured-streaming,structured-streaming
1,spec,specifications
1,specification,specifications
1,spring-config,spring
1,spring-dm,springsource-dm-server
1,spring-junit,spring-test
1,spring-rabbit,spring-amqp
1,sql-azure,azure-sql-database
1,sql-developer,oracle-sqldeveloper
1,sql-management-studio,ssms
1,sql-postgres,postgresql
1,sql-to-entity-framework,entity-framework
1,sscanf,scanf
1,ssdt-bi,ssdt
1,stackoverflowerror,stack-overflow
1,stackoverflowexception,stack-overflow
1,static-code-analysis,static-analysis
1,stripping,strip
1,style.css-template-file,css
1,swift2.2.1,swift2
1,swift3.0,swift3
1,system-directoryservices,directoryservices
1,system.directoryservices,directoryservices
1,systems,system
1,tableviewcell,uitableview
1,tabpanel,tabs
1,template-strings,template-literals
1,templates-deduction,template-deduction
1,text-file,text-files
1,textmatebundles,textmate
1,texture,textures
1,timezoneoffset,timezone
1,tts,text-to-speech
1,ui-router,angular-ui-router
1,ui-testing,gui-testing
1,uml-modelling,uml
1,unboxing,boxing
1,undefined-symbol,undefined-reference
1,uniform-initialization,list-initialization
1,unit-tests,unit-testing
1,unittest,unit-testing
1,urls.py,django-urls
1,validate,validation
1,varargs,variadic-functions
1,vectorize,vectorization
1,vectorizing,vectorization
1,videojs,video.js
1,virtual-earth,bing-maps
1,virtualtreeview,tvirtualstringtree
1,visual-studio-2015-comm,visual-studio-2015
1,visual-studio-for-mac,visual-studio-mac
1,voice-recognition,speech-recognition
1,vs-app-center,visual-studio-app-center
1,vs-lightswitch,visual-studio-lightswitch
1,vs-unit-testing-framework,mstest
1,vs2013,visual-studio-2013
1,watir-classic,watir
1,webflow2,spring-webflow-2
1,webfonts,font-face
1,while-loops,while-loop
1,wildcard-expansion,glob
1,winbatch,batch-file
1,winddk,wdk
1,window-api,winapi
1,windows-2003,windows-server-2003
1,windows-8-preview,windows-8
1,windows-azure-blob,azure-storage-blobs
1,winservice,windows-services
1,workitem,tfs-workitem
1,wwf,workflow-foundation
1,xcode6-beta4,xcode6
1,xelement,linq-to-xml
1,xml.etree,elementtree
1,zmq,zeromq
2,.each,each
2,2d-array,multidimensional-array
2,3d-array,multidimensional-array
2,7z,7zip
2,80x86,x86
2,accdb,ms-access
2,adb-shell,adb
2,adf,oracle-adf
2,adobe-flex-3,flex3
2,algorithm-design,algorithm
2,amazon-elastic-beanstalk,elastic-beanstalk
2,amd64,x86-64
2,android-6.0.1,android-6.0-marshmallow
2,android-maps-v2,google-maps-android-api-2
2,apache-ant,ant
2,apiary,apiary.io
2,apple-tvos,tvos
2,archiving,archive
2,arithmetic,math
2,arraycopy,arrays
2,asn1,asn.1
2,ast,abstract-syntax-tree
2,asymptotic-complexity,complexity-theory
2,atscript,typescript
2,autocompleter,autocomplete
2,aws-command-line,aws-cli
2,aws-vpc,amazon-vpc
2,azure-directory-b2c,azure-ad-b2c
2,blade,laravel-blade
2,browser-back-button,back-button
2,browser-sniffing,browser-detection
2,bspline,spline
2,builds,build
2,c++2a,c++20
2,cached,caching
2,camel,apache-camel
2,cctray,cruisecontrol.net
2,change-log,changelog
2,chef-recipe,chef
2,chef-solo,chef
2,chefdk,chef
2,ci,continuous-integration
2,cloudformation,amazon-cloudformation
2,codepage,codepages
2,college,university
2,compile-error,compiler-errors
2,computer-graphics,graphics
2,concurrency-violation,concurrency
2,conditional-expressions,conditional-operator
2,crlf,newline
2,crypto,cryptography
2,cshtml,razor
2,csrf-protection,csrf
2,ctor,constructor
2,cubic-spline,spline
2,custom-data-generator,data-generation
2,data-extraction,extract
2,datapicker,datepicker
2,day-cq,aem
2,db2i,db2-400
2,dcvs,dvcs
2,decouple,decoupling
2,delay-loading,delay-load
2,dialogflow,api.ai
2,dijit.form,dojo
2,dijit.layout,dojo
2,dijit.tree,dojo
2,distributedtransactions,distributed-transactions
2,django-queries,django-queryset
2,docs,documentation
2,drscheme,racket
2,edge,edge-detection
2,ef-core,entity-framework-core
2,elastic-load-balancer,amazon-elb
2,entity-framework-4.2,entity-framework-4.1
2,espresso,android-espresso
2,exception-handling,exception
2,expressions,expression
2,extraction,extract
2,file-operations,file-io
2,filelock,file-locking
2,filter-branch,git-filter-branch
2,firebase-cli,firebase-tools
2,firebase-security,firebase-security-rules
2,flash-ide,flash
2,flash-player,flash
2,flink,apache-flink
2,formating,formatting
2,formulas,formula
2,func-delegate,delegates
2,gae-datastore,google-cloud-datastore
2,globbing,glob
2,google-chartwrapper,google-visualization
2,google-closure-library,google-closure
2,google-recaptcha,recaptcha
2,graph-algorithm,graph-theory
2,groupwise-maximum,greatest-n-per-group
2,grunt-cli,gruntjs
2,hashalgorithm,hash
2,hashmaps,hashmap
2,hashtable,hashmap
2,html-attributes,html
2,idea-plugin,intellij-plugin
2,if-clause,if-statement
2,if-condition,if-statement
2,initialisation,initialization
2,inner-class,inner-classes
2,insert-into,sql-insert
2,integration-services,ssis
2,ionic3,ionic2
2,ios5-compatibility,ios5
2,isr,interrupt
2,jars,jar
2,java-applet,applet
2,java-expression-language,el
2,javaws,java-web-start
2,javax.swing,swing
2,jaxb2,jaxb
2,jboss-netty,netty
2,jenkins-shared-libraries,jenkins-pipeline
2,kvo,key-value-observing
2,laravel-5.1,laravel-5
2,laravel-5.2,laravel-5
2,laravel-5.3,laravel-5
2,lat-long,latitude-longitude
2,learn,learning
2,like-operator,sql-like
2,load-balance,load-balancing
2,load-balancer,load-balancing
2,lookahead,regex-lookarounds
2,m-file,matlab
2,m2e,m2eclipse
2,material-theme,material-design
2,mathdotnet,mathnet
2,memory-leak,memory-leaks
2,menus,menu
2,merging,merge
2,microsoft-appstore,windows-store
2,movie,video
2,multi-layer-perceptron,neural-network
2,mysqlsh,mysql
2,negative-lookahead,regex-lookarounds
2,oops,oop
2,opengles,opengl-es
2,optimisation,optimization
2,orchard,orchardcms
2,os-development,osdev
2,oss,open-source
2,overload,overloading
2,p4,perforce
2,parallel,parallel-processing
2,performance-issues,performance
2,perl-xs,xs
2,phpdocumentor,phpdoc
2,phusion,passenger
2,piping,pipe
2,plt-scheme,racket
2,polymer-1.x,polymer-1.0
2,portlets,portlet
2,processes,process
2,program-flow,control-flow
2,programming-terms,terminology
2,python-extensions,python-c-api
2,quality-assurance,qa
2,quicktest-pro,qtp
2,razor-web-pages,razor
2,rbindlist,data.table
2,reactjs-native,react-native
2,recurrence-relation,recurrence
2,redemption,outlook-redemption
2,reporting-service,reporting-services
2,reportingservices-2008,ssrs-2008
2,requests,python-requests
2,restful-wcf,wcf-rest
2,rewritemap,mod-rewrite
2,ria-services,wcf-ria-services
2,sbrm,raii
2,scraping,screen-scraping
2,semaphores,semaphore
2,sevenzip,7zip
2,shaders,shader
2,sign,digital-signature
2,signing,digital-signature
2,source-code-control,version-control
2,spaces,space
2,span,html
2,speech-to-text,speech-recognition
2,spring-jpa,spring-data-jpa
2,sql-match-all,relational-division
2,sql-server-data-tools,ssdt
2,sql-statement,sql
2,sql2008r2,sql-server-2008-r2
2,ssrs,reporting-services
2,static-method,static-methods
2,string-hashing,hash
2,stringformat,string-formatting
2,strong-name,strongname
2,strong-naming,strongname
2,structs,struct
2,subsetting,subset
2,symbol,symbols
2,tabbarcontroller,uitabbarcontroller
2,test-driven,tdd
2,textboxes,textbox
2,tfs11,tfs2012
2,tsvn,tortoisesvn
2,tuple,tuples
2,type-classes,typeclass
2,typesystem,type-systems
2,uml-modeling,uml
2,undefined-behaviour,undefined-behavior
2,unix-time,unix-timestamp
2,url-redirection,redirect
2,vbhtml,razor
2,visual-basic-applications,vba
2,wcfserviceclient,wcf-client
2,weld,jboss-weld
2,windows-azure,azure
2,windows-service,windows-services
2,wordpress-themes,wordpress-theming
2,xcode8-beta2,xcode8
2,xcode8-beta3,xcode8
2,xcode8-beta4,xcode8
2,xcode8-beta5,xcode8
2,xcode8-beta6,xcode8
2,xcode8.2,xcode8
2,xhr,xmlhttprequest
2,xmm,sse
2,xrm,dynamics-crm
2,xsl,xslt
2,zc.buildout,buildout
2,zf,zend-framework
2,zf2,zend-framework2
3,.csv,csv
3,.net4,.net-4.0
3,10g,oracle10g
3,3d-graphics,3d
3,3gs,iphone-3gs
3,accessviolationexception,access-violation
3,adobe-air,air
3,ajax-success,ajax
3,amazon-cloudwatch-metrics,amazon-cloudwatch
3,android-mobile,android
3,angular-directive,angularjs-directive
3,annotation,annotations
3,anonymous-functions,anonymous-function
3,apache-derby,derby
3,array,arrays
3,array-slice,slice
3,aspect-oriented,aop
3,auth,authentication
3,aws-iam,amazon-iam
3,aws-redshift,amazon-redshift
3,bashrc,bash
3,behaviors,behavior
3,behaviour,behavior
3,behaviours,behavior
3,big-endian,endianness
3,bootstrap-framework,twitter-bootstrap
3,byte-order,endianness
3,bzr,bazaar
3,c#-language,c#
3,c++1y,c++14
3,cache-coherence,caching
3,cascading-style-sheet,css
3,cc.net,cruisecontrol.net
3,ccnet-config,cruisecontrol.net
3,cljc,clojure
3,cloud-computing,cloud
3,cloudwatch,amazon-cloudwatch
3,code-audit,code-review
3,coffee,coffeescript
3,collations,collation
3,collection,collections
3,combination,combinations
3,comboboxes,combobox
3,comment,comments
3,compilation-errors,compiler-errors
3,compile-errors,compiler-errors
3,connectionstrings,connection-string
3,conversions,conversion
3,cookie,cookies
3,coronasdk,corona
3,crawl,web-crawler
3,crawling,web-crawler
3,crystal-report,crystal-reports
3,cuda-kernel,cuda
3,curly-brackets,curly-braces
3,curvesmoothing,smoothing
3,custom-control,custom-controls
3,data-frame,dataframe
3,data-structure,data-structures
3,data-uri-scheme,data-uri
3,data-url,data-uri
3,database-architecture,database-design
3,database-queries,query
3,decorators,decorator
3,delayed,delay
3,delegate,delegates
3,deletes,delete
3,dialogbox,dialog
3,dialogue,dialog
3,dict,dictionary
3,disks,disk
3,dnn,dotnetnuke
3,dotq,kdb
3,dynamic-allocation,dynamic-memory-allocation
3,dynamodb,amazon-dynamodb
3,eclipse-plugins,eclipse-plugin
3,encrypt,encryption
3,encrypted,encryption
3,entity-framework-ctp5,entity-framework-4.1
3,error-codes,error-code
3,es5,ecmascript-5
3,event,events
3,exec-bad-access,exc-bad-access
3,filename,filenames
3,filesystem,filesystems
3,financial,finance
3,firebase-anonymous-authentication,firebase-authentication
3,firebasesimplelogin,firebase-authentication
3,firefox-extension,firefox-addon
3,gem-bundler,bundler
3,globalisation,globalization
3,gmake,gnu-make
3,google-closure-compiler,google-closure
3,google-datastore,google-cloud-datastore
3,google-guava-cache,guava
3,google-maps-api,google-maps
3,google-maps-v3,google-maps-api-3
3,gwt-uibinder,uibinder
3,htaccess,.htaccess
3,ibm-notes,lotus-notes
3,if-else,if-statement
3,ifft,fft
3,intents,android-intent
3,interrupt-handling,interrupt
3,inverse-matrix,matrix-inverse
3,ios-4.0,ios4
3,iphone-os-4,ios4
3,irq,interrupt
3,jabber,xmpp
3,japplet,applet
3,javax,java
3,joins,join
3,kafka-streams-scala,apache-kafka-streams
3,kotlin-generics,generics
3,language-independent,language-agnostic
3,lists,list
3,little-endian,endianness
3,localisation,localization
3,login,authentication
3,lookaround,regex-lookarounds
3,macros-vba,vba
3,main-activity,android-activity
3,management-studio,ssms
3,marionettejs,marionette
3,maximum,max
3,method,methods
3,microsoft-office,ms-office
3,microsoft-word,ms-word
3,mime-type,mime-types
3,modulus,modulo
3,ms-excel,excel
3,my-sql,mysql
3,namespace,namespaces
3,natural-language-process,nlp
3,netbeans-plugin,netbeans-plugins
3,notification,notifications
3,objc,objective-c
3,objc-arc,automatic-ref-counting
3,object-pascal,delphi
3,objects,object
3,ooxml,openxml
3,orderby,sql-order-by
3,parallel-computing,parallel-processing
3,parallelism,parallel-processing
3,parallelization,parallel-processing
3,password,passwords
3,patches,patch
3,playframework-2.x,playframework-2.0
3,pretty-printing,pretty-print
3,prime-number,primes
3,property,properties
3,pugjs,pug
3,python-2,python-2.x
3,quartz-graphics,core-graphics
3,question,questions
3,refactor,refactoring
3,regexes,regex
3,renaming,rename
3,replacement,replace
3,repositories,repository
3,repository-pattern,repository
3,resource,resources
3,restful,rest
3,rstats,r
3,ruby-on-rails-gems,rubygems
3,rvo,return-value-optimization
3,scalar-udf,user-defined-functions
3,scrapy-spider,scrapy
3,scylladb,scylla
3,searching,search
3,services,service
3,sessions,session
3,shorthand-if,conditional-operator
3,simulate,simulation
3,singleton-methods,singleton
3,socket,sockets
3,socket-programming,sockets
3,solution-architecture,architecture
3,spring-web,spring-mvc
3,sql-ansi,ansi-sql
3,sql-join,join
3,sql-triggers,triggers
3,sqlservermanagementstudio,ssms
3,ssrs-2005,reportingservices-2005
3,standard-ml,sml
3,static-array,arrays
3,stats,statistics
3,stl-containers,stl
3,string-slice,slice
3,struts-2,struts2
3,subversion,svn
3,swift2.2,swift2
3,swift2.3,swift2
3,swift3.0.1,swift3
3,switch,switch-statement
3,t9n,translation
3,table-udf,user-defined-functions
3,ternary-operator,conditional-operator
3,testdrivendesign,tdd
3,testdrivendevelopment,tdd
3,text-analysis,nlp
3,theme,themes
3,tif,tiff
3,transaction,transactions
3,transitions,transition
3,tutorial,tutorials
3,uistoryboard,storyboard
3,uninitialized,initialization
3,unit-test,unit-testing
3,unix-utils,unix
3,uploads,upload
3,url-encoding,urlencode
3,use-cases,use-case
3,validator,validation
3,vba-macros,vba
3,vbproj,vb.net
3,visual-c++-6,vc6
3,visual-studio-2010-sp1,visual-studio-2010
3,vs-2013-update-2,visual-studio-2013
3,vs2008sp1,visual-studio-2008-sp1
3,vs2013-update-4,visual-studio-2013
3,waterline.js,waterline
3,watson-assistant,watson-conversation
3,wcf-service,wcf
3,web-application,web-applications
3,web-browser,browser
3,webdriverjs,selenium-webdriver
3,wf-4,workflow-foundation-4
3,wf4.0,workflow-foundation-4
3,where,where-clause
3,windows-2008-r2,windows-server-2008-r2
3,windows-registry,registry
3,windows-scripting-host,wsh
3,windsor,castle-windsor
3,winform,winforms
3,wordpress-plugin,wordpress
3,wpdb,wordpress
3,wpfdatagrid,datagrid
3,xamarin.studio,monodevelop
3,xcode-storyboard,storyboard
3,xcode8.1,xcode8
3,xdocument,linq-to-xml
3,xlinq,linq-to-xml
3,xmlns,xml-namespaces
3,xp,windows-xp
3,yield-keyword,yield
4,.ajax,ajax
4,.avi,avi
4,.bash-profile,bash
4,.bashrc,bash
4,.cs-file,c#
4,.dll,dll
4,.ini,ini
4,.jar,jar
4,.java,java
4,.js,javascript
4,.net-4.5.2,.net-4.5
4,.net-generics,generics
4,11g,oracle11g
4,2038,year2038
4,accent,diacritics
4,acegi,spring-security
4,add-ins,add-in
4,addons,add-on
4,ado-net-data-services,wcf-data-services
4,adobe-flash,flash
4,agile-central,rally
4,agile-development,agile
4,ajax-request,ajax
4,amazon-lambda,aws-lambda
4,android-api,android
4,android-application,android
4,android-device,android
4,android-framework,android
4,android-listview,listview
4,android-realm,realm
4,android-sdk,android
4,android-ui,android
4,androidstudio-settings,android-studio
4,angularjs-ui-router,angular-ui-router
4,animated,animation
4,animations,animation
4,ansible-playbook,ansible
4,apache-airflow,airflow
4,apache-cassandra,cassandra
4,apache-cxf,cxf
4,apache-hadoop,hadoop
4,apache-hive,hive
4,apache-jena,jena
4,apache-regexp,regex
4,apache-tomcat,tomcat
4,apis,api
4,appendto,append
4,appengine,google-app-engine
4,apple-ios,ios
4,application-architecture,architecture
4,application-singleton,singleton
4,applicative-functor,applicative
4,archetype,archetypes
4,archives,archive
4,argument-passing,parameter-passing
4,array-of-objects,arrays
4,array-sorting,sorting
4,as2,actionscript-2
4,asm,assembly
4,aspx,asp.net
4,assembler,assembly
4,assembly-language,assembly
4,association,associations
4,async,asynchronous
4,async-ctp,async-await
4,asynchronous-processing,asynchronous
4,atomic-compare-and-swap,compare-and-swap
4,attribute,attributes
4,auto-generated,auto-generate
4,auto-generation,auto-generate
4,autocompletion,autocomplete
4,autoloading,autoload
4,autowiring,autowired
4,await,async-await
4,aws-ec2,amazon-ec2
4,aws-s3,amazon-s3
4,ax,axapta
4,azure-app-service,azure-web-sites
4,azure-documentdb,azure-cosmosdb
4,azure-mobile-app,azure-mobile-services
4,azure-tables,azure-table-storage
4,azure-web-apps,azure-web-sites
4,azuread,azure-active-directory
4,backus-naur-form,bnf
4,bash-alias,bash
4,bash-function,bash
4,bash-script,bash
4,bash-variables,bash
4,basic-string,stdstring
4,batch,batch-file
4,batch-files,batch-file
4,batch-script,batch-file
4,beanstalk,elastic-beanstalk
4,benchmark,benchmarking
4,benchmarks,benchmarking
4,big-theta,big-o
4,binary-trees,binary-tree
4,binder,android-binder
4,bindings,binding
4,birt-report,birt
4,bit-shift-operators,bit-shift
4,bit-twiddling,bit-manipulation
4,bitwise,bit-manipulation
4,bitwise-operations,bitwise-operators
4,blogging,blogs
4,bluemix,ibm-cloud
4,book-exercise,homework
4,boostshared-ptr,shared-ptr
4,botbuilder,botframework
4,botconnector,botframework
4,box-model,css
4,branches,branch
4,branching,branch
4,breeze.js,breeze
4,breezejs,breeze
4,browser-compatibility,cross-browser
4,browsers,browser
4,bsd-sockets,sockets
4,buttons,button
4,bytearray,arrays
4,bytes,byte
4,c++0x,c++11
4,c-string,c-strings
4,ca-ac,rally
4,cache,caching
4,callbacks,callback
4,career,career-development
4,career-advice,career-development
4,carriage-returns,carriage-return
4,case-sensitivity,case-sensitive
4,case-studies,case-study
4,cast,casting
4,catch,try-catch
4,ccnet,cruisecontrol.net
4,char-array,arrays
4,character-arrays,arrays
4,character-escaping,escaping
4,checkboxes,checkbox
4,cipher,encryption
4,circular-references,circular-reference
4,classes,class
4,classic-javascript,javascript
4,classifier,classification
4,classloaders,classloader
4,clean-code,coding-style
4,clicked,click
4,client-authentication,authentication
4,clj,clojure
4,cljx,clojure
4,closure,closures
4,cloud-firestore,google-cloud-firestore
4,cmd-script,batch-file
4,cmd.exe,cmd
4,cocos2d,cocos2d-iphone
4,code-challenge,challenge
4,code-first-migrations,ef-migrations
4,code-generator,code-generation
4,code-only,code-first
4,code-optimization,optimization
4,code-smells,code-smell
4,codeigniter-activerecord,codeigniter
4,codeigniter-form-helper,codeigniter
4,codeigniter-helpers,codeigniter
4,codeigniter-hmvc,codeigniter
4,codeigniter-hooks,codeigniter
4,codeigniter-pagination,codeigniter
4,codeigniter-routing,codeigniter
4,codeigniter-url,codeigniter
4,codeigniter-validation,codeigniter
4,coding-convention,coding-style
4,coding-guidelines,coding-style
4,coding-standards,coding-style
4,color,colors
4,comma-separated,csv
4,commands,command
4,compilation-error,compiler-errors
4,compiler-error,compiler-errors
4,compilers,compiler-construction
4,component,components
4,compositecontrol,composite-controls
4,compress,compression
4,compressed,compression
4,computational-linguistics,nlp
4,computer-algebra-systems,symbolic-math
4,computer-architecture,cpu-architecture
4,concatenate,concatenation
4,concurrent,concurrency
4,concurrent-programming,concurrency
4,condition-variables,condition-variable
4,conditional-statements,conditional
4,conditionals,conditional
4,constant,constants
4,constructors,constructor
4,container,containers
4,core-java,java
4,corenlp-server,stanford-nlp
4,cpickle,pickle
4,cpp,c++
4,crawler,web-crawler
4,credential,credentials
4,credit-cards,credit-card
4,cronexpression,cron
4,cronjob,cron
4,cross-site-scripting,xss
4,cross-threading,multithreading
4,cryptographic,cryptography
4,crystal,crystal-reports
4,cs,computer-science
4,ctrl-c,copy-paste
4,ctrl-v,copy-paste
4,cudamalloc,cuda
4,custom-macros,macros
4,d3.js-v4,d3.js
4,d3d,direct3d
4,d3js,d3.js
4,d3v4,d3.js
4,d3v5,d3.js
4,data-encryption,encryption
4,data-generators,data-generation
4,database-modeling,database-design
4,database-structure,database
4,dataframes,dataframe
4,datasets,dataset
4,datatypes,types
4,date-sorting,sorting
4,dates,date
4,datetime-functions,datetime
4,datetime-manipulation,datetime
4,datetime-operation,datetime
4,db,database
4,dbms,database
4,dbquery,query
4,ddply,plyr
4,deadline,deadlines
4,debug,debugging
4,debugger,debugging
4,deciphering,encryption
4,declarations,declaration
4,decrypt,encryption
4,decryption,encryption
4,deduplication,duplicates
4,delphi-2011,delphi-xe
4,dependency,dependencies
4,dependencyproperty,dependency-properties
4,deploy,deployment
4,deprecation,deprecated
4,destructors,destructor
4,diagnostic,diagnostics
4,dialogs,dialog
4,dictionaries,dictionary
4,digital-signal-processing,signal-processing
4,dijit,dojo
4,dir,directory
4,discretemath,discrete-mathematics
4,disposal,dispose
4,dispose-pattern,dispose
4,disposing,dispose
4,django-tastypie,tastypie
4,dlinq,dynamic-linq
4,dlls,dll
4,documentation-generator,documentation-generation
4,dojox,dojo
4,domains,dns
4,dot-net,.net
4,dotnetcore,.net-core
4,dotnetopenid,dotnetopenauth
4,double-escaping,escaping
4,double-precision,precision
4,downloads,download
4,drracket,racket
4,dsx,data-science-experience
4,dtsx,ssis
4,duplicate-code,code-duplication
4,duplicate-content,duplicates
4,duplicate-data,duplicates
4,duplicate-detection,duplicates
4,duplicate-entry,duplicates
4,duplicate-removal,duplicates
4,duplication,duplicates
4,dynamic-array,dynamic-arrays
4,dynamic-css,css
4,dynamic-link-library,dll
4,dynamicbinding,dynamic-binding
4,ebooks,ebook
4,ec2,amazon-ec2
4,ecmascript,javascript
4,ecmascript-2015,ecmascript-6
4,ef6,entity-framework-6
4,efficiency,performance
4,egrep,grep
4,ejb2,ejb-2.x
4,elastic,elasticsearch
4,else,if-statement
4,elseif,if-statement
4,emacs-lisp,elisp
4,email-attachment,email-attachments
4,encodings,encoding
4,entity-framework-6.1,entity-framework-6
4,entity-framework-mapping,entity-framework
4,entlib,enterprise-library
4,enum,enums
4,enumerations,enums
4,env,environment-variables
4,equal,equals
4,error-messages,error-message
4,errors,error
4,es2015,ecmascript-6
4,es6-harmony,ecmascript-6
4,escape,escaping
4,escape-character,escaping
4,escape-sequence,escaping
4,escaped,escaping
4,escaped-characters,escaping
4,event-handler,event-handling
4,event-handlers,event-handling
4,excel-macro,excel-vba
4,exceptions,exception
4,exercises,homework
4,express.js,express
4,expressjs,express
4,facets,facet
4,feature,features
4,fgrep,grep
4,fileinput,file-io
4,files,file
4,filters,filter
4,find-and-replace,replace
4,finite-precision,precision
4,firebase-cloud-firestore,google-cloud-firestore
4,firebase-cloud-functions,google-cloud-functions
4,firebase-firestore,google-cloud-firestore
4,firebase-functions,google-cloud-functions
4,firestore,google-cloud-firestore
4,flex-sdk,flex
4,floating-point-precision,precision
4,flow-of-control,control-flow
4,fmx,firemonkey
4,font-weight,css
4,for,for-loop
4,foreach-loop,foreach
4,foreign-key-relationship,foreign-keys
4,forking,fork
4,form,forms
4,form-submission,form-submit
4,fourier-transform,fft
4,fpc,freepascal
4,fprintf,printf
4,framework,frameworks
4,fulltext,full-text-search
4,fulltext-searching,full-text-search
4,functional,functional-programming
4,functional-tests,functional-testing
4,functions,function
4,g11n,globalization
4,gae,google-app-engine
4,gang-of-four,design-patterns
4,garbage-collector,garbage-collection
4,gawk,awk
4,gc,garbage-collection
4,gcp,google-cloud-platform
4,gem,rubygems
4,generators,generator
4,generic-class,generics
4,global-variable,global-variables
4,gmaps,google-maps
4,gof,design-patterns
4,google-calendar-api,google-calendar
4,google-cloud-ml-engine,google-cloud-ml
4,google-collections,guava
4,google-drive,google-drive-sdk
4,google-drive-api,google-drive-sdk
4,google-guice,guice
4,google-protobuf,protocol-buffers
4,google-scripts,google-apps-script
4,google-storage,google-cloud-storage
4,google-web-toolkit,gwt
4,graphs,graph
4,groovygrails,grails
4,grunt,gruntjs
4,gtk+,gtk
4,guava-collections,guava
4,gui,user-interface
4,half-precision-float,precision
4,halt,exit
4,hashes,hash
4,headers,header
4,hexadecimal,hex
4,hexadecimal-notation,hex
4,highmaps,highcharts
4,highstock,highcharts
4,hooking,hook
4,hooks,hook
4,hotlink,hotlinking
4,html-dom,dom
4,htmldocument,dom
4,htmlhelp,chm
4,http-status-code,http-status-codes
4,httpd,apache
4,httpservletrequest,servlets
4,httpservletresponse,servlets
4,humor,fun
4,humour,fun
4,hypertext-preprocessor,php
4,ia-32,x86
4,ibm-db2,db2
4,ibm-was,websphere
4,idb,indexeddb
4,if-then,if-statement
4,ifelse,if-statement
4,iframes,iframe
4,ignore-duplicates,duplicates
4,ilist,list
4,image-maps,imagemap
4,images,image
4,img,image
4,immutable,immutability
4,immutable-class,immutability
4,importing,import
4,include-files,include
4,includes,include
4,indexes,indexing
4,inherit,inheritance
4,initialize,initialization
4,input-output,io
4,inputs,input
4,inserts,insert
4,integral-promotion,integer-promotion
4,inter-process-communicat,ipc
4,interfaces,interface
4,interoperability,interop
4,io.js,node.js
4,iobservable,system.reactive
4,iobserver,system.reactive
4,ionic,ionic-framework
4,ios5-sdk,ios5
4,iostreams,iostream
4,ipad-sdk,ipad
4,iphone-app,iphone
4,iphone-development,iphone
4,iphone-os,ios
4,iphone-os-4.0,ios4
4,iphone-programming,iphone
4,iphone-sdk,iphone
4,iphone-sdk-3,iphone-sdk-3.0
4,ipython-notebook,jupyter-notebook
4,iterate,loops
4,iterators,iterator
4,itextpdf,itext
4,itextsharp,itext
4,jasper,jasper-reports
4,jasperprint,jasper-reports
4,java-collections-api,collections
4,java-generics,generics
4,java-libraries,java
4,java-persistence-api,jpa
4,java-se,java
4,javax.mail,javamail
4,jdbc-driver,jdbc
4,jdk,java
4,jdk1.8.0,java-8
4,jdk7,java-7
4,job,jobs
4,joda,jodatime
4,jre,java
4,jrxml,jasper-reports
4,json-decode,json
4,json-encode,json
4,json-parsing,json
4,json-web-token,jwt
4,jsonarray,arrays
4,jsonobject,json
4,jws,java-web-start
4,kafka-streams,apache-kafka-streams
4,kernel-programming,kernel
4,keyboards,keyboard
4,ko.observablearray,knockout.js
4,kubuntu,ubuntu
4,lambda-expressions,lambda
4,lambda-functions,lambda
4,language-constructs,language-construct
4,language-processing,nlp
4,laravel-eloquent,eloquent
4,layouts,layout
4,laziness,lazy-evaluation
4,lazy,lazy-evaluation
4,linking,linker
4,linq-entity-framework,entity-framework
4,linq-to-object,linq-to-objects
4,linq2nhibernate,linq-to-nhibernate
4,linq2sql,linq-to-sql
4,literal,literals
4,local-variable,local-variables
4,localize,localization
4,lock,locking
4,lookup-table,lookup-tables
4,loop,loops
4,looping,loops
4,lubuntu,ubuntu
4,lucene-index,lucene
4,machine-vision,computer-vision
4,macro,macros
4,mail,email
4,makefiles,makefile
4,managers,manager
4,mathematical,math
4,mathematics,math
4,matlab-toolbox,matlab
4,matrices,matrix
4,mbean,jmx
4,memcache,memcached
4,memoize,memoization
4,memory-allocation,memory-management
4,memory-deallocation,memory-management
4,memory-fences,memory-barriers
4,memory-usage,memory-management
4,meteor.js,meteor
4,microisv,micro-isv
4,microsoft-dynamics-ax,axapta
4,microsoft-office-outlook,outlook
4,microsoft-powerpoint,powerpoint
4,migrations,migration
4,minifier,minify
4,mlint,matlab
4,mma,wolfram-mathematica
4,mobilefirst,ibm-mobilefirst
4,mock,mocking
4,mocks,mocking
4,mockup,mockups
4,model-view-viewmodel,mvvm
4,modules,module
4,monad,monads
4,mongo,mongodb
4,mongod,mongodb
4,mongodb-aggregation,aggregation-framework
4,monodroid,xamarin.android
4,monotouch,xamarin.ios
4,moss-2007,sharepoint-2007
4,ms-sql-server,sql-server
4,msi,windows-installer
4,msie8,internet-explorer-8
4,mspowerpoint,powerpoint
4,msrs,reporting-services
4,mssql2005,sql-server-2005
4,mssql2008,sql-server-2008
4,msvc10,visual-studio-2010
4,msvc11,visual-studio-2012
4,msvs,visual-studio
4,multiple-regression,linear-regression
4,mvc,model-view-controller
4,mvn,maven
4,mysql-query,mysql
4,mysql-server,mysql
4,mysqldump,mysql
4,namespacing,namespaces
4,neo4j2.0,neo4j
4,nested-class,inner-classes
4,nested-classes,inner-classes
4,nesting,nested
4,netriaservices,wcf-ria-services
4,network,networking
4,neural-network-tuning,neural-network
4,newtonsoft,json.net
4,ng-repeat,angularjs-ng-repeat
4,nifi,apache-nifi
4,nil,null
4,no-duplicates,duplicates
4,non-const,const
4,non-determinism,non-deterministic
4,nosetests,nose
4,nullable-types,nullable
4,number,numbers
4,numeric-precision,precision
4,object-oriented,oop
4,object-oriented-design,oop
4,object-oriented-modeling,oop
4,object-relational-mapping,orm
4,object-to-string,tostring
4,omp,openmp
4,oo-design,oop
4,open-source-contribution,open-source
4,open-source-projects,open-source
4,openerp,odoo
4,openjdk,java
4,optimizations,optimization
4,optimize,optimization
4,optimizer,optimization
4,optimizing,optimization
4,oraclejdk,java
4,ordering,order
4,orthogonality,orthogonal
4,output-file,file-io
4,paradigm,paradigms
4,parallel-programming,parallel-processing
4,parameter,parameters
4,parse,parsing
4,parser,parsing
4,parsers,parsing
4,passing-by-reference,pass-by-reference
4,paths,path
4,payments,payment
4,paypal-api,paypal
4,pdt,eclipse-pdt
4,peer-to-peer,p2p
4,perfomance,performance
4,performance-comparison,performance
4,performance-measurement,performance
4,performance-monitoring,performance
4,performance-tuning,performance
4,perl-regex,regex
4,perlcritic,perl-critic
4,perlre,regex
4,perltidy,perl-tidy
4,permission,permissions
4,personal-development,self-improvement
4,pgrep,grep
4,pgsql,postgresql
4,phone-numbers,phone-number
4,phpdoctrine,doctrine
4,phtml,php
4,phusion-passenger,passenger
4,pickle-dump,pickle
4,piglatin,apache-pig
4,pil,python-imaging-library
4,pillow,python-imaging-library
4,pipes,pipe
4,plotting,plot
4,plt,matplotlib
4,pointer,pointers
4,pointer-to-function,function-pointers
4,polymorphic,polymorphism
4,portable,portability
4,ppt,powerpoint
4,pptx,powerpoint
4,preprocess,preprocessor
4,preprocessing,preprocessor
4,preprocessor-abuse,preprocessor
4,preprocessor-directives,preprocessor
4,primitives,primitive
4,principal-components,pca
4,princomp,pca
4,print,printing
4,printer,printing
4,prng,random
4,processid,pid
4,processing.org,processing
4,programming-exercise,homework
4,protobuf,protocol-buffers
4,protocol,protocols
4,prototype.js,prototypejs
4,pthread,pthreads
4,ptr,pointers
4,py,python
4,pylab,matplotlib
4,pyplot,matplotlib
4,python-c-extension,python-c-api
4,python-ctypes,ctypes
4,python-interpreter,python
4,python-modules,python-module
4,python-nose,nose
4,python-shell,python
4,python-subprocess-module,subprocess
4,python3,python-3.x
4,pythonic,python
4,q-lang,kdb
4,quit,exit
4,r-language,r
4,rails3,ruby-on-rails-3
4,random-sample,random
4,ranges,range
4,raphael-js,raphael
4,reactive-extensions,system.reactive
4,realm-cocoa,realm
4,realm-net,realm
4,realmswift,realm
4,reasonml,reason
4,recursive,recursion
4,recyclerview,android-recyclerview
4,redirects,redirect
4,regex-php,regex
4,regularexpression,regex
4,reorder,order
4,reordering,order
4,report-viewer,reportviewer
4,restful-architecture,rest
4,restful-web-services,rest
4,rewrite,url-rewriting
4,rewritecond,mod-rewrite
4,rewriteengine,mod-rewrite
4,rewriterule,mod-rewrite
4,ror,ruby-on-rails
4,ror3,ruby-on-rails-3
4,roslyn-ctp,roslyn
4,rotateanimation,animation
4,round,rounding
4,rs232,serial-port
4,rst,restructuredtext
4,rx,system.reactive
4,s3,amazon-s3
4,sails,sails.js
4,salesforce.com,salesforce
4,sap-crystal-reports,crystal-reports
4,scaleanimation,animation
4,scc,version-control
4,sccs,version-control
4,schema-design,database-design
4,schemas,schema
4,scripts,scripting
4,scrolling,scroll
4,sdl-tridion,tridion
4,search-and-replace,replace
4,secure,security
4,select-statement,sql
4,selectbox,drop-down-menu
4,self-development,self-improvement
4,self-learning,self-improvement
4,semantic-meaning,semantics
4,sencha,extjs
4,seo-friendly,seo
4,serialisation,serialization
4,serialize,serialization
4,serialized,serialization
4,serializing,serialization
4,serialze,serialization
4,server-2008,windows-server-2008
4,session-cookie,session-cookies
4,shared-library,shared-libraries
4,shared-pointers,shared-ptr
4,shell-command,shell
4,shell-commands,shell
4,shell-script,shell
4,shell-scripting,shell
4,shellscript,shell
4,shinyapps,shiny
4,silverlight-4,silverlight-4.0
4,simple-build-tool,sbt
4,simplexmlelement,simplexml
4,sklearn,scikit-learn
4,slices,slice
4,slicing,slice
4,slimframework,slim
4,slow-load,performance
4,slugs,slug
4,smart-pointer,smart-pointers
4,smooth,smoothing
4,snap,snap-framework
4,snprintf,printf
4,so,shared-libraries
4,software-architecture,architecture
4,software-testing,testing
4,sort,sorting
4,sorted,sorting
4,sorting-algorithm,sorting
4,sound-api,audio
4,sounds,audio
4,spaghetti-code,coding-style
4,spark,apache-spark
4,spark-dataframe,apache-spark-sql
4,spark-sql,apache-spark-sql
4,sparse-array,sparse-matrix
4,sparse-columns,sparse-matrix
4,speed-up,performance
4,spellchecker,spell-checking
4,splines,spline
4,splitting,split
4,spreadsheets,spreadsheet
4,spring-framework,spring
4,sprintf,printf
4,sql-query,sql
4,sql-reporting-services,reporting-services
4,sql-select,sql
4,sql-syntax,sql
4,sql-to-linq,linq-to-sql
4,sql2000,sql-server-2000
4,sql2005,sql-server-2005
4,sql2008,sql-server-2008
4,sqlitedatabase,sqlite
4,sqllite,sqlite
4,sqlselect,sql
4,sqs,amazon-sqs
4,ssis-data-transformations,ssis
4,ssrs-reports,reporting-services
4,stacks,stack
4,standard,standards
4,stanford-nlp-server,stanford-nlp
4,stanford-parser,stanford-nlp
4,state-machine,state-machines
4,static-library,static-libraries
4,static-vs-non-static,static
4,statistical-analysis,statistics
4,stlstring,stdstring
4,storm,apache-storm
4,str,string
4,streams,stream
4,string-array,arrays
4,string-escaping,escaping
4,string-manipulation,string
4,string-replacement,replace
4,string-split,split
4,stringliteral,string-literals
4,strings,string
4,stripe-connect,stripe-payments
4,stripe.js,stripe-payments
4,stripe.net,stripe-payments
4,strongly-typed-datasets,strongly-typed-dataset
4,structures,structure
4,sub-arrays,arrays
4,subprocesses,subprocess
4,subroutines,subroutine
4,subselect,subquery
4,support-vector-machines,svm
4,svgz,svg
4,swf,flash
4,swift-array,arrays
4,swift-generics,generics
4,swift2.1,swift2
4,swift3.0.2,swift3
4,swift3.1,swift3
4,switch-case,switch-statement
4,symbolic-computation,symbolic-math
4,symbolic-link,symlink
4,syscall,system-calls
4,system-architecture,architecture
4,tab,tabs
4,table-design,database-design
4,tables,table
4,tag,tags
4,tchart,teechart
4,tcpip,tcp
4,team-build,tfsbuild
4,team-foundation-service,vsts
4,technique,techniques
4,tensorflow-gpu,tensorflow
4,tests,testing
4,text-message,sms
4,text-messages,sms
4,text-replacement,replace
4,tfs-vnext,vsts-build
4,threads,multithreading
4,threadsafe,thread-safety
4,timers,timer
4,tls,ssl
4,tool,tools
4,tpl,task-parallel-library
4,transactionlog,transaction-log
4,transformations,transformation
4,trees,tree
4,trigger,triggers
4,try-catch-throw,try-catch
4,try-statement,try-catch
4,tsv,csv
4,ttf,true-type-fonts
4,tuning,performance
4,twitter-api,twitter
4,twitter-bootstrap-3.0,twitter-bootstrap-3
4,twitter-bootstrap-3.0.2,twitter-bootstrap-3
4,twitter-bootstrap-4,bootstrap-4
4,type,types
4,type-casting,casting
4,typecast,casting
4,ugly-code,coding-style
4,uitable,uitableview
4,unescape,escaping
4,ungreedy,non-greedy
4,unity2d,unity3d
4,unity3d-5,unity3d
4,unity5,unity3d
4,unity5.3,unity3d
4,universal-reference,forwarding-reference
4,unix-programming,unix
4,unpickling,pickle
4,upload-file,file-upload
4,urlrewriter,url-rewriting
4,urls,url
4,us-ascii,ascii
4,user-authentication,authentication
4,users,user
4,userscript,userscripts
4,validations,validation
4,validators,validation
4,vanilla-javascript,javascript
4,variable,variables
4,variable-naming,naming-conventions
4,variable-scope,scope
4,vars,variables
4,vb-classic,vb6
4,vb-to-vb.net,vb6-migration
4,vb6-conversion,vb6-migration
4,vbs,vbscript
4,vc++.net,visual-c++
4,vc,visual-c++
4,vc9,visual-c++-2008
4,vcs,version-control
4,vectors,vector
4,videos,video
4,viml,vim
4,vimrc,vim
4,vimscript,vim
4,vista-gadget,windows-desktop-gadgets
4,vista-sidebar,windows-desktop-gadgets
4,visual-studio-2010-beta-1,visual-studio-2010
4,visual-studio-2010-beta-2,visual-studio-2010
4,visual-studio-2010-rc,visual-studio-2010
4,visual-studio-2010-rtm,visual-studio-2010
4,visual-studio-community,visual-studio
4,visualisation,visualization
4,vs-2013-preview,visual-studio-2013
4,vs-2015-preview,visual-studio-2015
4,vs2010-express,visual-studio-2010
4,vscode,visual-studio-code
4,vsnprintf,printf
4,vso,vsts
4,vso-build,vsts-build
4,vsprintf,printf
4,vswprintf,printf
4,vue2,vuejs2
4,vuejs,vue.js
4,vulnerabilities,security
4,vulnerability,security
4,wams,azure-mobile-services
4,warning,warnings
4,watir-webdriver,watir
4,web-security,security
4,web-service,web-services
4,web-spider,web-crawler
4,webapp,web-applications
4,webapps,web-applications
4,webcrawling,web-crawler
4,webform,webforms
4,webservlet,servlets
4,website-testing,web-testing
4,websites,website
4,websockets,websocket
4,webspiders,web-crawler
4,wf,workflow-foundation
4,while,while-loop
4,win32,winapi
4,win32api,winapi
4,windows-application,windows
4,windows-applications,windows
4,windows-azure-storage,azure-storage
4,windows-batch,batch-file
4,windows-phone-7.5,windows-phone-7
4,windows-powershell,powershell
4,windows-programming,windows
4,windows-sdk,winapi
4,windows-sidebar,windows-desktop-gadgets
4,windows-universal,win-universal-app
4,windows.forms,winforms
4,wizards,wizard
4,wolfram,wolfram-mathematica
4,wordpress-filter,wordpress
4,wordpress-loop,wordpress
4,wordpress-mu,wordpress
4,wordpress-plugin-dev,wordpress
4,wordpress-theme-customize,wordpress
4,wordpress-widget,wordpress
4,workbook,excel
4,wp-query,wordpress
4,wpf-binding,data-binding
4,wri-mathematica,wolfram-mathematica
4,wx,wxwidgets
4,x-window-system,x11
4,x64,64bit
4,xamarin-forms,xamarin.forms
4,xarray,python-xarray
4,xcode-ide,xcode
4,xhtml5,html5
4,xml-file,xml
4,xml-transform,xslt
4,xmlhttp,xmlhttprequest
4,xpath-expression,xpath
4,xsltransform,xslt
4,xss-prevention,xss
4,xubuntu,ubuntu
4,y2k38,year2038
4,yii-db,yii
4,yii-framework,yii
4,yii-mvc,yii
4,yml,yaml
5,apache-ignite,ignite
5,crontab,cron
5,dynamics-ax,axapta
5,jenkins-workflow,jenkins-pipeline
5,jenkinsfile,jenkins-pipeline
5,natural-language,nlp
5,react-jsx,reactjs
